Timestamp,Transaction Type,Asset,Quantity Transacted,Spot Price Currency,Spot Price at Transaction,Subtotal,Total (inclusive of fees),Fees,Notes
2015-06-24T00:47:17Z,Buy,BTC,0.0001,USD,244.19,0.02,0.02,0,Bought 0.0001 BTC for $0.02 USD
2015-10-15T21:50:06Z,Buy,BTC,1.54858564,USD,255.74,396.04,400,3.96,Bought 1.54858564 BTC for $400.00 USD
2015-10-15T22:00:48Z,Buy,BTC,0.38802774,USD,255.16,99.01,100,0.99,Bought 0.38802774 BTC for $100.00 USD
2015-10-15T22:07:30Z,Send,BTC,0.292,USD,254.7,,,,Sent 0.2920 BTC to 1PPvzTraMPkjwnX5LHgG8LA99cmeQkqg7n
2015-12-08T07:47:23Z,Send,BTC,0.546,USD,393.04,,,,Sent 0.5460 BTC to 12Z9jBPGToWVf1CF1FATMC3UvHDTWHewyQ
2016-07-01T10:10:03Z,Send,BTC,0.279,USD,680.2,,,,Sent 0.2790 BTC to 383A78EiokzXeRasCRth2WEShLzsRCtiik
2016-07-01T22:56:21Z,Send,BTC,0.7,USD,683,,,,Sent 0.7000 BTC to 1AksH4MzzWqsE4JjZnA7Eyxv7TjWtjMHA4
2017-04-17T23:43:25Z,Send,BTC,0.119452,USD,1193.51,,,,Sent 0.119452 BTC to 188ok5goYmifMCCGoGBSzK3VkXeqKUt79o
2017-12-02T05:45:17Z,Buy,BTC,0.04529326,USD,10877.12,492.66,500,7.34,Bought 0.04529326 BTC for $500.00 USD
2017-12-12T07:23:03Z,Buy,BTC,0.06845814,USD,16856.43,1153.96,1200,46.04,"Bought 0.06845814 BTC for $1,200.00 USD"
2017-12-20T21:32:01Z,Sell,BTC,0.11401278,USD,16322.29,1860.95,1833.22,27.73,"Sold 0.11401278 BTC for $1,833.22 USD"
2017-12-22T21:45:46Z,Buy,BTC,0.06646901,USD,14823.75,985.32,1000,14.68,"Bought 0.06646901 BTC for $1,000.00 USD"
2018-05-05T02:01:59Z,Send,BTC,0.06646901,USD,9758.34,,,,Sent 0.06646901 BTC to 335E4NqtAJGBuXBubZ7xrj6a6qRAZo34Th
2018-06-25T04:09:46Z,Buy,BTC,0.07961479,USD,6188.05,492.66,500,7.34,Bought 0.07961479 BTC for $500.00 USD
2018-07-13T09:16:49Z,Send,BTC,0.07200839,USD,6236.96,,,,Sent 0.07200839 BTC to 3A4ckPCg1wfGbb65MVPdm71e85bvukJZdx
2018-09-17T17:39:07Z,Buy,BTC,0.04691619,USD,6300.6,295.6,300,4.4,Bought 0.04691619 BTC for $300.00 USD
2018-09-26T06:15:41Z,Send,BTC,0.03059422,USD,6445,,,,Sent 0.03059422 BTC to 3EdWcwXA7H8mm52Pa2aguE2bMc3rQXBwHu
2019-01-14T21:23:40Z,Send,BTC,0.02321862,USD,3665.54,,,,Sent 0.02321862 BTC to 3KsssirPkfFwH4H98ESoxZedKXyigEKVr3
2020-05-02T22:57:04Z,Buy,BTC,0.05489461,USD,8974.65,492.66,500,7.34,Bought 0.05489461 BTC for $500.00 USD
2020-05-18T05:03:00Z,Send,BTC,0.01020478,USD,9887.68,,,,Sent 0.01020478 BTC to 3NHryNTFoPB6JzK8Bt7Naxa2bFd1wcLp74
2020-06-08T00:45:37Z,Convert,BTC,0.04539958,USD,9765.29,435.86,443.34,7.48,Converted 0.04539958 BTC to 29.77216867 REP
2020-08-09T04:31:58Z,Send,BTC,0.015927,USD,11741.52,,,,Sent 0.015927 BTC to 35qBq97CXhcuiB5caWmV4i5DCwudhNPYQw
2020-08-09T04:49:05Z,Send,BTC,0.049209,USD,11714.74,,,,Sent 0.049209 BTC to 3Aea1tEMrPyNe5vkccehiyew59NbHTJHms
2020-08-12T01:49:04Z,Receive,BTC,0.03289269,USD,11366.64,,,,Received 0.03289269 BTC from an external account
2020-08-13T23:38:41Z,Send,BTC,0.04684985,USD,11762.2,,,,Sent 0.04684985 BTC to 1NtiYN1zvTzZtnDc4rocdpk7TDwRRsQk5S
2020-08-20T21:26:33Z,Send,BTC,0.03289269,USD,11888.24,,,,Sent 0.03289269 BTC to 1NtiYN1zvTzZtnDc4rocdpk7TDwRRsQk5S
2021-01-08T10:02:11Z,Receive,BTC,0.02881992,USD,39244.24,,,,Received 0.02881992 BTC from an external account
2021-01-08T10:19:02Z,Sell,BTC,0.02881992,USD,39472,1137.58,1120.63,16.95,"Sold 0.02881992 BTC for $1,120.63 USD"
2021-02-18T23:31:48Z,Buy,BTC,0.00950165,USD,51849.94,492.66,500,7.34,Bought 0.00950165 BTC for $500.00 USD
2021-02-18T23:52:12Z,Send,BTC,0.00950165,USD,51651.3,,,,Sent 0.00950165 BTC to 3PpJ6KGqmeWFqnEPaHcc3n7h55gi7ExPRh
2021-03-25T01:33:52Z,Buy,BTC,0.00794669,USD,52448.25,416.79,423,6.21,Bought 0.00794669 BTC for $423.00 USD
2021-03-26T17:37:27Z,Send,BTC,0.008701,USD,53827.76,,,,Sent 0.008701 BTC to 3DMkT4zse4GEiL4nMT5YXzQRSnGCge1khL
2021-03-26T23:04:30Z,Convert,BTC,0.0081181,USD,54526.31,433.57,442.65,9.08,Converted 0.0081181 BTC to 0.25740368 ETH
2021-07-29T00:41:43Z,Send,BTC,0.02789647,USD,39779.68,,,,Sent 0.02789647 BTC to 3DMkT4zse4GEiL4nMT5YXzQRSnGCge1khL
2017-12-22T22:37:06Z,Buy,BCH,0.16910346,USD,2913.36,492.66,500,7.34,Bought 0.16910346 BCH for $500.00 USD
2020-08-24T01:54:46Z,Sell,BCH,0.16936484,USD,282.59,47.86,45.87,1.99,Sold 0.16936484 BCH for $45.87 USD
2021-05-10T17:26:38Z,Buy,BCH,0.03307541,USD,1451.53,48.01,50,1.99,Bought 0.03307541 BCH for $50.00 USD
2021-05-10T17:34:22Z,Send,BCH,0.03307541,USD,1448.8,,,,Sent 0.03307541 BCH to qqgg855t7ej3xlny9g8wgg0rzcythnjlusmfq0sy40
2019-02-12T21:52:46Z,Buy,BSV,0.16936484,USD,65.12,11.03,11.03,0,Bought 0.16936484 BSV for $11.03 USD
2021-05-10T18:01:53Z,Send,BSV,0.16936484,USD,390.12,,,,Sent 0.16936484 BSV to qqgg855t7ej3xlny9g8wgg0rzcythnjlusmfq0sy40
2017-12-22T21:52:34Z,Buy,ETH,0.70115993,USD,702.64,492.66,500,7.34,Bought 0.70115993 ETH for $500.00 USD
2020-06-07T21:33:20Z,Buy,ETH,4.04529588,USD,243.57,985.32,1000,14.68,"Bought 4.04529588 ETH for $1,000.00 USD"
2020-06-07T23:31:13Z,Send,ETH,2.97147544,USD,243.82,,,,Sent 2.97147544 ETH to 0x75539E2703E94A9D10f6C60D8C18794d823dA579
2020-07-01T01:52:13Z,Send,ETH,1.66574085,USD,224.74,,,,Sent 1.66574085 ETH to 0xA48549C56165Eb794c2F2a3595Eb37A321aB2f89
2020-07-07T23:03:12Z,Buy,ETH,4.09788924,USD,240.45,985.32,1000,14.68,"Bought 4.09788924 ETH for $1,000.00 USD"
2020-08-07T23:05:41Z,Buy,ETH,2.5625196,USD,384.51,985.32,1000,14.68,"Bought 2.5625196 ETH for $1,000.00 USD"
2020-08-09T00:33:25Z,Convert,ETH,2.5625196,USD,399.45,1002.6,1023.59,20.99,Converted 2.5625196 ETH to 0.0850656 BTC
2020-08-09T01:32:43Z,Send,ETH,1.00105,USD,395.16,,,,Sent 1.00105 ETH to 0x9e1f61480ca984a9386E4767A63e76bCd2A4418B
2020-08-09T04:22:47Z,Send,ETH,1.86086296,USD,395.24,,,,Sent 1.86086296 ETH to 0xA48549C56165Eb794c2F2a3595Eb37A321aB2f89
2020-08-09T04:35:29Z,Send,ETH,1.23597628,USD,395.68,,,,Sent 1.23597628 ETH to 0xA48549C56165Eb794c2F2a3595Eb37A321aB2f89
2021-01-08T10:00:53Z,Receive,ETH,2.6,USD,1217.56,,,,Received 2.6000 ETH from an external account
2021-01-08T10:18:34Z,Sell,ETH,2.6,USD,1220.39,3173.01,3125.73,47.28,"Sold 2.6000 ETH for $3,125.73 USD"
2021-02-10T01:28:37Z,Buy,ETH,0.54878949,USD,1795.44,985.32,1000,14.68,"Bought 0.54878949 ETH for $1,000.00 USD"
2021-02-10T02:20:18Z,Send,ETH,0.06053172,USD,1810.88,,,,Sent 0.06053172 ETH to 0x3D3712C4189Ad368d2986CbA3e8Bde70df234C45
2021-02-12T03:27:56Z,Send,ETH,0.21416479,USD,1772.62,,,,Sent 0.21416479 ETH to 0x052eF5C9A00D638B44c9A1C352E4949c1E5F2DFA
2021-02-12T21:29:48Z,Send,ETH,0.27409298,USD,1848.8,,,,Sent 0.27409298 ETH to 0x744883BF548af233AEa3f5bc3d3137c02bF11858
2021-02-27T23:08:29Z,Buy,ETH,0.06644447,USD,1460.02,97.01,100,2.99,Bought 0.06644447 ETH for $100.00 USD
2021-02-27T23:09:40Z,Send,ETH,0.04722811,USD,1454.28,,,,Sent 0.04722811 ETH to 0x9ce352c59EB25eb9e1b52B8d0CD836Df10cD048C
2021-03-03T02:58:11Z,Buy,ETH,0.06354875,USD,1526.54,97.01,100,2.99,Bought 0.06354875 ETH for $100.00 USD
2021-03-03T03:01:52Z,Send,ETH,0.06425156,USD,1519.18,,,,Sent 0.06425156 ETH to 0x9ce352c59EB25eb9e1b52B8d0CD836Df10cD048C
2021-03-17T00:50:28Z,Buy,ETH,1.15745851,USD,1787.68,2069.17,2100,30.83,"Bought 1.15745851 ETH for $2,100.00 USD"
2021-03-17T02:50:13Z,Send,ETH,0.30101773,USD,1773.55,,,,Sent 0.30101773 ETH to 0x22BFAE9cdB79B60557Fbc4Bf3222828a0010af6A
2021-03-20T02:14:13Z,Convert,ETH,0.87495433,USD,1826.24,1576.62,1597.88,21.26,Converted 0.87495433 ETH to 18.93828317 FIL
2021-03-23T00:43:50Z,Send,ETH,0.80399,USD,1680.82,,,,Sent 0.80399 ETH to 0x22BFAE9cdB79B60557Fbc4Bf3222828a0010af6A
2021-03-23T00:46:20Z,Send,ETH,0.76396415,USD,1691.68,,,,Sent 0.76396415 ETH to 0x7D24FbF18cfb958Ca6962f1381F43fE9dfC5d74e
2021-03-30T07:37:41Z,Send,ETH,0.25740368,USD,1817.66,,,,Sent 0.25740368 ETH to 0x7D24FbF18cfb958Ca6962f1381F43fE9dfC5d74e
2021-03-31T16:48:21Z,Buy,ETH,0.26498981,USD,1859.17,492.66,500,7.34,Bought 0.26498981 ETH for $500.00 USD
2021-03-31T17:28:13Z,Send,ETH,0.26498981,USD,1850.06,,,,Sent 0.26498981 ETH to 0x9ce352c59EB25eb9e1b52B8d0CD836Df10cD048C
2021-04-20T19:27:23Z,Buy,ETH,0.04208846,USD,2304.91,97.01,100,2.99,Bought 0.04208846 ETH for $100.00 USD
2021-04-20T19:28:58Z,Send,ETH,0.04208846,USD,2293.44,,,,Sent 0.04208846 ETH to 0x7bD8291d998c48cFBbF33ffa4Ab668451F7DE0Cc
2021-05-17T18:47:18Z,Buy,ETH,0.14653881,USD,3361.98,492.66,500,7.34,Bought 0.14653881 ETH for $500.00 USD
2021-05-17T18:50:00Z,Send,ETH,0.14653881,USD,3215.62,,,,Sent 0.14653881 ETH to 0x7bD8291d998c48cFBbF33ffa4Ab668451F7DE0Cc
2021-06-11T15:35:58Z,Receive,ETH,0.23414357,USD,2423.5,,,,Received 0.23414357 ETH from an external account
2021-06-11T15:42:06Z,Receive,ETH,0.30574938,USD,2425.3,,,,Received 0.30574938 ETH from an external account
2021-06-11T15:52:15Z,Sell,ETH,0.53989295,USD,2399.85,1295.66,1276.35,19.31,"Sold 0.53989295 ETH for $1,276.35 USD"
2021-06-22T01:06:46Z,Buy,ETH,1.51459557,USD,1951.65,2955.96,3000,44.04,"Bought 1.51459557 ETH for $3,000.00 USD"
2021-06-22T23:30:47Z,Send,ETH,0.44544074,USD,1866.92,,,,Sent 0.44544074 ETH to 0x7D24FbF18cfb958Ca6962f1381F43fE9dfC5d74e
2021-06-25T16:44:53Z,Send,ETH,1.06915483,USD,1813.62,,,,Sent 1.06915483 ETH to 0x7D24FbF18cfb958Ca6962f1381F43fE9dfC5d74e
2021-07-23T19:10:46Z,Buy,ETH,0.9715188,USD,2028.41,1970.64,2000,29.36,"Bought 0.9715188 ETH for $2,000.00 USD"
2021-07-23T20:56:59Z,Send,ETH,0.50203078,USD,2039.86,,,,Sent 0.50203078 ETH to 0x7bD8291d998c48cFBbF33ffa4Ab668451F7DE0Cc
2021-07-24T09:32:54Z,Convert,ETH,0.46948802,USD,2130.53,975.86,1000.26,24.4,Converted 0.46948802 ETH to 813.219739 ADA
2021-07-26T05:18:43Z,Convert,ETH,0.46799999,USD,2334.38,1071.07,1092.49,21.42,Converted 0.46799999 ETH to 0.02789647 BTC
2021-08-06T15:41:47Z,Buy,ETH,0.69872806,USD,2820.32,1970.64,2000,29.36,"Bought 0.69872806 ETH for $2,000.00 USD"
2021-08-06T15:48:09Z,Send,ETH,0.35677279,USD,2815.12,,,,Sent 0.35677279 ETH to 0x7bD8291d998c48cFBbF33ffa4Ab668451F7DE0Cc
2021-08-12T01:43:33Z,Send,ETH,0.6850828,USD,3216.5,,,,Sent 0.6850828 ETH to 0x7bD8291d998c48cFBbF33ffa4Ab668451F7DE0Cc
2021-08-20T15:51:27Z,Buy,ETH,0.44851637,USD,3295.26,1477.98,1500,22.02,"Bought 0.44851637 ETH for $1,500.00 USD"
2021-08-20T15:57:23Z,Send,ETH,0.30630496,USD,3283,,,,Sent 0.30630496 ETH to 0x7bD8291d998c48cFBbF33ffa4Ab668451F7DE0Cc
2021-08-26T03:42:10Z,Send,ETH,0.14221141,USD,3152.96,,,,Sent 0.14221141 ETH to 0x7bD8291d998c48cFBbF33ffa4Ab668451F7DE0Cc
2021-09-03T16:05:30Z,Buy,ETH,0.44451117,USD,4029.55,1791.18,1800,8.82,"Bought 0.44451117 ETH for $1,800.00 USD"
2021-09-03T16:09:43Z,Send,ETH,0.25060851,USD,3974.84,,,,Sent 0.25060851 ETH to 0x7bD8291d998c48cFBbF33ffa4Ab668451F7DE0Cc
2021-09-07T06:44:49Z,Convert,ETH,0.30111658,USD,3922,1158.99,1180.98,21.99,Converted 0.30111658 ETH to 6.0189647 SOL
2021-09-07T15:52:06Z,Convert,ETH,0.4367998,USD,3453.71,1469.41,1508.58,39.17,"Converted 0.4367998 ETH to 1,469.406633 USDC"
2021-09-07T18:06:25Z,Convert,ETH,0.4367998,USD,3444.46,1471.59,1504.54,32.95,"Converted 0.4367998 ETH to 1,471.589199 USDC"
2021-09-09T17:56:21Z,Receive,ETH,0.20576058,USD,3520.49,,,,Received 0.20576058 ETH from an external account
2021-09-09T18:03:12Z,Receive,ETH,0.19970927,USD,3514.32,,,,Received 0.19970927 ETH from an external account
2021-09-11T01:56:03Z,Send,ETH,0.40546985,USD,3275.47,,,,Sent 0.40546985 ETH to 0x7D24FbF18cfb958Ca6962f1381F43fE9dfC5d74e
2021-09-17T16:11:13Z,Buy,ETH,0.28544998,USD,3451.81,985.32,1000,14.68,"Bought 0.28544998 ETH for $1,000.00 USD"
2021-09-17T16:21:41Z,Send,ETH,0.28544998,USD,3452.73,,,,Sent 0.28544998 ETH to 0x7bD8291d998c48cFBbF33ffa4Ab668451F7DE0Cc
2021-09-23T01:42:13Z,Send,ETH,0.23462,USD,3062.86,,,,Sent 0.23462 ETH to 0x7bD8291d998c48cFBbF33ffa4Ab668451F7DE0Cc
2021-09-24T15:25:46Z,Buy,ETH,0.50852214,USD,2906.42,1477.98,1500,22.02,"Bought 0.50852214 ETH for $1,500.00 USD"
2021-09-24T15:28:52Z,Send,ETH,0.50852214,USD,2886.72,,,,Sent 0.50852214 ETH to 0x7bD8291d998c48cFBbF33ffa4Ab668451F7DE0Cc
2021-11-28T22:54:47Z,Buy,ETH,0.0694753,USD,4254.75,295.6,300,4.4,Bought 0.0694753 ETH for $300.00 USD
2021-11-28T22:56:43Z,Send,ETH,0.0694753,USD,4227.13,,,,Sent 0.0694753 ETH to 0x7D24FbF18cfb958Ca6962f1381F43fE9dfC5d74e
2020-05-02T22:58:56Z,Buy,LTC,1.96114106,USD,49.47,97.01,100,2.99,Bought 1.96114106 LTC for $100.00 USD
2020-08-09T04:14:06Z,Convert,LTC,1.92854068,USD,58.08,109.69,112,2.31,Converted 1.92854068 LTC to 0.00933452 BTC
2021-03-15T22:13:59Z,Buy,LTC,1.92532355,USD,204.71,394.13,400,5.87,Bought 1.92532355 LTC for $400.00 USD
2021-03-15T22:18:27Z,Send,LTC,1.95792393,USD,203.35,,,,Sent 1.95792393 LTC to M7ykugGumn3JtjeN38UXFk3mkHPTuPHtQ3
2020-09-02T22:14:55Z,Rewards Income,USDC,0.001226,USD,1,0,0,0,Received 0.001226 USDC from Coinbase Rewards
2020-09-06T22:29:49Z,Buy,USDC,60,USD,1,60,60,0,Bought 60.0000 USDC for $60.00 USD
2020-09-06T22:31:24Z,Send,USDC,151.151226,USD,1,,,,Sent 151.151226 USDC to 0x7D24FbF18cfb958Ca6962f1381F43fE9dfC5d74e
2020-10-02T20:15:19Z,Rewards Income,USDC,0.002224,USD,1,0,0,0,Received 0.002224 USDC from Coinbase Rewards
2021-03-17T00:40:32Z,Buy,USDC,2000,USD,1,2000,2000,0,"Bought 2,000.0000 USDC for $2,000.00 USD"
2021-03-17T00:48:32Z,Sell,USDC,2000,USD,1,2000,2000,0,"Sold 2,000.0000 USDC for $2,000.00 USD"
2021-03-17T20:54:43Z,Buy,USDC,2000,USD,1,2000,2000,0,"Bought 2,000.0000 USDC for $2,000.00 USD"
2021-03-17T20:57:50Z,Send,USDC,460.19,USD,1,,,,Sent 460.1900 USDC to 0x7bD8291d998c48cFBbF33ffa4Ab668451F7DE0Cc
2021-03-17T23:55:21Z,Convert,USDC,500,USD,1,507.1,500,7.1,Converted 500.0000 USDC to 5.49995561 FIL
2021-03-17T23:55:57Z,Convert,USDC,500,USD,1,484.6,500,15.4,Converted 500.0000 USDC to 457.99780594 MANA
2021-03-17T23:57:37Z,Convert,USDC,539.81,USD,1,530.35,539.81,9.46,"Converted 539.8100 USDC to 1,312.59595406 MATIC"
2021-03-25T01:34:34Z,Convert,USDC,472.56,USD,1,465.03,472.56,7.53,Converted 472.5600 USDC to 0.00887241 BTC
2021-04-02T15:03:58Z,Rewards Income,USDC,0.001048,USD,1,0,0,0,Received 0.001048 USDC from Coinbase Rewards
2021-09-08T17:15:37Z,Sell,USDC,1471.59,USD,1,1471.59,1471.59,0,"Sold 1,471.5900 USDC for $1,471.59 USD"
2021-09-21T17:18:19Z,Convert,USDC,700,USD,1,684.48,700,15.52,Converted 700.0000 USDC to 0.23462 ETH
2021-09-23T01:50:39Z,CardSpend,USDC,58.8,USD,1,,,,614bdd6ef55a281202b1c511
2021-09-23T01:50:41Z,CardSpend,USDC,1.99,USD,1,,,,614bdd70996be2188c448065
2021-09-25T00:38:49Z,CardSpend,USDC,28.47,USD,1,,,,614e6f989e989011fe15c2ef
2021-09-30T21:51:57Z,CardSpend,USDC,12.02,USD,1,,,,6156317c1eaeab0fde76bee5
2021-10-01T22:21:26Z,CardSpend,USDC,12.99,USD,1,,,,615789e49345d409532723d6
2021-10-02T00:44:27Z,CardSpend,USDC,28.47,USD,1,,,,6157ab6943424c144296b150
2021-10-02T00:52:28Z,CardSpend,USDC,1.99,USD,1,,,,6157ad4b25ebc600a7f1336e
2021-10-02T00:53:21Z,CardSpend,USDC,1.99,USD,1,,,,6157ad807af76a188248fef5
2021-10-02T00:54:51Z,CardSpend,USDC,1.99,USD,1,,,,6157addab40970072cd22cfc
2021-10-02T01:30:24Z,CardBuyBack,USDC,1.99,USD,1,,,,Bought 1.9900 USDC for $1.99 USD Card Hold Release.
2021-10-02T01:30:38Z,CardBuyBack,USDC,1.99,USD,1,,,,Bought 1.9900 USDC for $1.99 USD Card Hold Release.
2021-10-02T01:30:45Z,CardBuyBack,USDC,1.99,USD,1,,,,Bought 1.9900 USDC for $1.99 USD Card Hold Release.
2021-10-02T05:52:53Z,CardSpend,USDC,4.33,USD,1,,,,6157f3b47c10d20ff7d9dba3
2021-10-02T16:59:16Z,CardSpend,USDC,58.8,USD,1,,,,61588fe3b86c931887d76f8c
2021-10-02T16:59:19Z,CardSpend,USDC,1.99,USD,1,,,,61588fe5b0131d09684c424d
2021-10-02T18:13:03Z,Rewards Income,USDC,0.032149,USD,1,0.03,0.03,0,Received 0.032149 USDC from Coinbase Rewards
2021-10-03T19:57:28Z,CardSpend,USDC,20.56,USD,1,,,,615a0b275c679611fe78a16c
2021-10-03T21:09:29Z,CardSpend,USDC,6.51,USD,1,,,,615a1c084187f0122300e129
2021-10-04T16:07:37Z,CardSpend,USDC,12.59,USD,1,,,,615b26c86922050723978485
2021-10-05T00:48:27Z,CardSpend,USDC,0.99,USD,1,,,,615ba0da2a71a70b85528320
2021-10-05T02:09:45Z,CardSpend,USDC,32.58,USD,1,,,,615bb3e894b43800a1580d09
2021-10-06T02:38:35Z,CardSpend,USDC,21.72,USD,1,,,,615d0c29a431730daf6f4949
2021-10-06T23:51:01Z,CardSpend,USDC,10.85,USD,1,,,,615e3664eed1b704f88164c6
2021-10-07T02:37:11Z,CardSpend,USDC,7.59,USD,1,,,,615e5d56d81e541447bce01b
2021-10-07T05:41:52Z,CardSpend,USDC,13.03,USD,1,,,,615e889f91d96f12086c57f8
2021-10-07T21:18:33Z,CardSpend,USDC,6.51,USD,1,,,,615f64271739b9142edde271
2021-10-08T02:42:40Z,CardSpend,USDC,6.51,USD,1,,,,615fb01e0f7e671204185e83
2021-10-08T21:21:45Z,CardSpend,USDC,58.8,USD,1,,,,6160b668b5faef12095274f0
2021-10-08T21:21:47Z,CardSpend,USDC,1.99,USD,1,,,,6160b66aafd77d188aa04b11
2021-10-09T00:24:02Z,CardSpend,USDC,32.18,USD,1,,,,6160e121efcbba00a4335550
2021-10-09T01:42:39Z,CardSpend,USDC,6.51,USD,1,,,,6160f38ea6ecf0143c449b03
2021-10-09T21:10:02Z,Buy,USDC,200,USD,1,200,200,0,Bought 200.0000 USDC for $200.00 USD
2021-10-10T01:41:05Z,CardSpend,USDC,4.33,USD,1,,,,616244af420c290da9d3e2b6
2021-10-10T02:32:49Z,CardSpend,USDC,9.77,USD,1,,,,616250d0157d1304fb9727d9
2021-10-12T01:28:19Z,CardSpend,USDC,10.85,USD,1,,,,6164e4b25c728404f06e9132
2021-10-12T01:29:01Z,CardSpend,USDC,8.68,USD,1,,,,6164e4dbe5038a0725ceb7c3
2021-10-12T02:51:59Z,CardSpend,USDC,5.42,USD,1,,,,6164f84eeeda00072f8a3a93
2021-10-13T00:39:32Z,CardSpend,USDC,28.47,USD,1,,,,61662ac3f9b39704f8fda159
2021-10-13T19:44:03Z,CardSpend,USDC,117.25,USD,1,,,,61673702cb9bab1890d3d71c
2021-10-14T05:42:04Z,CardSpend,USDC,14.11,USD,1,,,,6167c32b6c82f107304c8f8f
2021-10-14T06:05:11Z,Buy,USDC,500,USD,1,500,500,0,Bought 500.0000 USDC for $500.00 USD
2021-10-14T17:24:11Z,CardSpend,USDC,8.39,USD,1,,,,616867b82c619e0947a42201
2021-10-14T18:36:10Z,CardSpend,USDC,234,USD,1,,,,6168789985eb371450351511
2021-10-15T01:37:17Z,CardSpend,USDC,58.8,USD,1,,,,6168db4b5f479702d188cee1
2021-10-15T01:37:19Z,CardSpend,USDC,1.99,USD,1,,,,6168db4e03217b0fddb70b10
2021-10-15T09:27:39Z,CardSpend,USDC,8.68,USD,1,,,,6169498a7d422304f756ca84
2021-10-16T00:26:41Z,CardSpend,USDC,32.18,USD,1,,,,616a1c40fb895e02cda90b18
2021-10-16T16:28:48Z,CardSpend,USDC,10.85,USD,1,,,,616afdbe100ed31435b521dc
2021-10-16T18:21:40Z,CardSpend,USDC,15.47,USD,1,,,,616b18321e976502ca22fcb7
2021-10-16T18:22:49Z,CardSpend,USDC,14.69,USD,1,,,,616b18781847761aa72c2967
2021-10-16T18:26:54Z,CardSpend,USDC,82.53,USD,1,,,,616b196d63ac38188c43e255
2021-10-17T00:22:46Z,CardSpend,USDC,10.49,USD,1,,,,616b6cd59bb8b70b792d7293
2021-10-17T04:51:56Z,CardSpend,USDC,8.68,USD,1,,,,616babeb6613950b75be1396
2021-10-18T03:14:00Z,CardSpend,USDC,4.33,USD,1,,,,616ce67708bea875e0f2cd51
2021-10-18T14:53:33Z,CardBuyBack,USDC,10.82,USD,1,,,,Bought 10.8200 USDC for $10.82 USD Card Hold Release.
2021-10-18T16:56:36Z,CardSpend,USDC,5,USD,1,,,,616da743eb1e8007081e39f1
2021-10-18T23:43:49Z,CardSpend,USDC,13.03,USD,1,,,,616e06b4d720a707275cf152
2021-10-19T03:08:23Z,CardSpend,USDC,6.51,USD,1,,,,616e36a5aa475b1887336cf0
2021-10-19T18:11:52Z,CardSpend,USDC,4,USD,1,,,,616f0a66dcaefc072145b104
2021-10-19T21:05:00Z,CardSpend,USDC,2.06,USD,1,,,,616f32fa8ea1930b9368b5ac
2021-10-19T21:08:43Z,CardSpend,USDC,25.67,USD,1,,,,616f33daf218a8072b2729ad
2021-10-19T23:09:39Z,CardSpend,USDC,7.59,USD,1,,,,616f50312197c100a370cc11
2021-10-20T01:05:08Z,Receive,USDC,139.323916,USD,1,,,,Received 139.323916 USDC from an external account
2021-10-20T03:10:45Z,CardSpend,USDC,5.42,USD,1,,,,616f88b3913d4a1aac248be2
2021-10-20T04:30:56Z,CardSpend,USDC,79.75,USD,1,,,,616f9b7f76a9ab00a89e6b86
2021-10-20T05:41:07Z,CardSpend,USDC,23.2,USD,1,,,,616fabf2ffd36d0db21fbbdb
2021-10-20T21:59:56Z,CardSpend,USDC,92.71,USD,1,,,,6170915bb052920da4793b8c
2021-10-20T23:18:05Z,Receive,USDC,185.401912,USD,1,,,,Received 185.401912 USDC from an external account
2021-10-20T23:33:21Z,Sell,USDC,200,USD,1,200,200,0,Sold 200.0000 USDC for $200.00 USD
2021-10-21T00:32:12Z,CardSpend,USDC,54.3,USD,1,,,,6170b50aa83554167dfe712b
2021-10-21T00:32:14Z,CardSpend,USDC,1.99,USD,1,,,,6170b50dc8c9ad1204806a2e
2021-10-21T03:07:52Z,CardSpend,USDC,6.51,USD,1,,,,6170d986d8a9ea0fe3170b38
2021-10-21T03:58:16Z,CardSpend,USDC,3.25,USD,1,,,,6170e5564bf92a0da02b6d48
2021-10-22T00:09:37Z,CardSpend,USDC,32.18,USD,1,,,,61720140abf8ee1aa241cba4
2021-10-22T02:16:00Z,CardSpend,USDC,4.33,USD,1,,,,61721edf9a0723165f4337ef
2021-10-22T21:50:48Z,CardSpend,USDC,66.95,USD,1,,,,61733236197d14bbbc60bbb7
2021-10-23T00:09:00Z,Receive,USDC,984.610745,USD,1,,,,Received 984.610745 USDC from an external account
2021-10-23T00:22:41Z,Sell,USDC,500,USD,1,500,500,0,Sold 500.0000 USDC for $500.00 USD
2021-10-23T15:34:37Z,CardBuyBack,USDC,10.31,USD,1,,,,Bought 10.3100 USDC for $10.31 USD Card Hold Release.
2021-10-24T00:35:12Z,CardSpend,USDC,5,USD,1,,,,6174aa3f964ab50b7c0f8246
2021-10-24T02:59:46Z,CardSpend,USDC,21.72,USD,1,,,,6174cc215624ea0724f4ccd6
2021-10-24T05:49:06Z,CardSpend,USDC,32.58,USD,1,,,,6174f3d1bad61b165801fbe0
2021-10-24T08:32:22Z,CardSpend,USDC,63.4,USD,1,,,,61751a14f8005802ca5cfe63
2021-10-25T01:58:35Z,CardSpend,USDC,11.94,USD,1,,,,61760f4905e0e402ca987e91
2021-10-25T08:18:35Z,CardSpend,USDC,50,USD,1,,,,6176685af32c0e00a8483bd9
2021-10-26T01:01:37Z,CardSpend,USDC,97.17,USD,1,,,,6177536fda51c60b7d2e7ffe
2021-10-26T01:09:13Z,CardSpend,USDC,54.3,USD,1,,,,61775538d64cbe18816878d2
2021-10-26T01:09:16Z,CardSpend,USDC,1.99,USD,1,,,,6177553a6f5d4d0da43027d9
2021-10-26T05:00:17Z,CardSpend,USDC,15.2,USD,1,,,,61778b5ff4280b0da5bf3a2e
2021-10-27T00:48:30Z,CardSpend,USDC,32.18,USD,1,,,,6178a1dd04e6ec0957d41edf
2021-10-27T00:51:42Z,CardSpend,USDC,32.18,USD,1,,,,6178a29d9d115e16565038ca
2021-10-27T01:35:03Z,CardBuyBack,USDC,32.18,USD,1,,,,Bought 32.1800 USDC for $32.18 USD Card Hold Release.
2021-10-27T15:06:16Z,CardBuyBack,USDC,13.63,USD,1,,,,Bought 13.6300 USDC for $13.63 USD Card Hold Release.
2021-10-27T15:07:23Z,Buy,USDC,500,USD,1,500,500,0,Bought 500.0000 USDC for $500.00 USD
2021-10-27T17:21:32Z,CardSpend,USDC,10.49,USD,1,,,,61798a9a135d1b00a2c10f4f
2021-10-27T23:49:23Z,CardSpend,USDC,5,USD,1,,,,6179e5820f485f0dafc8d42f
2021-10-29T08:22:11Z,CardSpend,USDC,150,USD,1,,,,617baf31ac6a820726f11007
2021-10-30T03:32:00Z,CardSpend,USDC,3.25,USD,1,,,,617cbcaed1adaf0da9fc7572
2021-10-30T03:32:27Z,CardSpend,USDC,13.04,USD,1,,,,617cbcc935d58016728dbfab
2021-10-30T20:26:02Z,CardSpend,USDC,6.51,USD,1,,,,617daa5814ebc81676c17ba1
2021-10-30T20:38:43Z,CardSpend,USDC,183.54,USD,1,,,,617dad52078c0502d2cfdd1f
2021-10-30T20:44:42Z,Buy,USDC,500,USD,1,500,500,0,Bought 500.0000 USDC for $500.00 USD
2021-10-31T01:21:47Z,CardSpend,USDC,58.8,USD,1,,,,617defaa9491e304fcbbd69f
2021-10-31T01:21:49Z,CardSpend,USDC,1.99,USD,1,,,,617defacfab29f142b987336
2021-10-31T23:53:34Z,CardSpend,USDC,32.18,USD,1,,,,617f2c7dce809f144a27042c
2021-11-01T00:40:36Z,CardSpend,USDC,5.42,USD,1,,,,617f3782f7d3a702c2cd3c62
2021-11-02T23:42:25Z,Rewards Income,USDC,0.050149,USD,1,0.05,0.05,0,Received 0.050149 USDC from Coinbase Rewards
2021-11-03T05:03:02Z,CardSpend,USDC,23.2,USD,1,,,,618218053daac002cfb2d0bd
2021-11-03T05:03:06Z,CardSpend,USDC,12.02,USD,1,,,,618218098134f00da7bf0a15
2021-11-03T20:28:41Z,CardSpend,USDC,54,USD,1,,,,6182f0f7825460072a1c92d2
2021-11-03T20:43:22Z,CardSpend,USDC,6.51,USD,1,,,,6182f469c911b418b7c0be81
2021-11-04T00:21:15Z,CardSpend,USDC,32.18,USD,1,,,,6183277988fc461663a1b5af
2021-11-04T01:54:42Z,CardBuyBack,USDC,32.18,USD,1,,,,Bought 32.1800 USDC for $32.18 USD Card Hold Release.
2021-11-05T00:28:36Z,CardSpend,USDC,0.99,USD,1,,,,61847ab2d9e26500a21ee7ce
2021-11-05T00:38:31Z,CardSpend,USDC,53.8,USD,1,,,,61847d058134f000a45cc52e
2021-11-05T00:38:33Z,CardSpend,USDC,1.99,USD,1,,,,61847d085b09101228186368
2021-11-06T23:54:09Z,CardSpend,USDC,10.85,USD,1,,,,618715a0e8ec0d165e393667
2021-11-07T21:38:04Z,CardSpend,USDC,6.51,USD,1,,,,6188473a106d9453042e867f
2021-11-08T00:10:45Z,CardSpend,USDC,1,USD,1,,,,61886b043c5cd96a73b731a5
2021-11-08T01:28:11Z,CardSpend,USDC,12.07,USD,1,,,,61887d29b7a2ad18ac40c22f
2021-11-08T01:34:32Z,CardSpend,USDC,7.34,USD,1,,,,61887ea7dbf96ea1954f1905
2021-11-08T01:44:33Z,CardSpend,USDC,18.98,USD,1,,,,618880ff11d5d5120d3aecdd
2021-11-08T02:36:06Z,CardSpend,USDC,30,USD,1,,,,61888d14a8153902d28f5b40
2021-11-08T04:11:09Z,CardSpend,USDC,4.33,USD,1,,,,6188a35b75796acc31c745b9
2021-11-08T05:05:14Z,CardSpend,USDC,126.31,USD,1,,,,6188b00917e869ad5bc3f61e
2021-11-08T05:12:03Z,CardSpend,USDC,39.88,USD,1,,,,6188b1a26f5d4d0500e3b535
2021-11-08T07:32:06Z,Buy,USDC,500,USD,1,500,500,0,Bought 500.0000 USDC for $500.00 USD
2021-11-08T07:34:42Z,CardSpend,USDC,387.39,USD,1,,,,6188d311531c931202095113
2021-11-08T08:17:22Z,CardSpend,USDC,5.42,USD,1,,,,6188dd105340d91203bfafac
2021-11-08T11:29:41Z,CardSpend,USDC,190.1,USD,1,,,,61890a235974bc165c2d841c
2021-11-08T18:06:37Z,CardSpend,USDC,85.89,USD,1,,,,6189672c97d2cc72fb8911a6
2021-11-08T18:17:34Z,CardSpend,USDC,82.03,USD,1,,,,618969bcd0a271165b98590a
2021-11-08T18:18:01Z,Buy,USDC,500,USD,1,500,500,0,Bought 500.0000 USDC for $500.00 USD
2021-11-09T00:36:59Z,CardSpend,USDC,54.3,USD,1,,,,6189c2a9dc91050dab5abe83
2021-11-09T00:37:02Z,CardSpend,USDC,1.99,USD,1,,,,6189c2ac3f66c302d37dea05
2021-11-09T16:33:01Z,CardBuyBack,USDC,16.43,USD,1,,,,Bought 16.4300 USDC for $16.43 USD Card Hold Release.
2021-11-09T16:34:59Z,CardBuyBack,USDC,10.7,USD,1,,,,Bought 10.7000 USDC for $10.70 USD Card Hold Release.
2021-11-09T22:53:52Z,CardSpend,USDC,5,USD,1,,,,618afbfe52f4ed0feaabe9d6
2021-11-10T02:19:50Z,CardSpend,USDC,9.77,USD,1,,,,618b2c44f98fb10b8f43dcf9
2021-11-10T04:06:08Z,CardSpend,USDC,21.72,USD,1,,,,618b452e6402250dbbe659ba
2021-11-10T10:48:25Z,CardSpend,USDC,23.77,USD,1,,,,618ba3778e8ce30730a6c046
2021-11-11T00:05:21Z,CardSpend,USDC,257.5,USD,1,,,,618c5e40cde17e143a34b034
2021-11-11T01:47:05Z,CardSpend,USDC,38.05,USD,1,,,,618c7617c27356189c4149de
2021-11-11T05:01:44Z,CardSpend,USDC,16.28,USD,1,,,,618ca3b7cd962b0b8c39b42f
2021-11-11T20:44:12Z,Buy,USDC,1000,USD,1,1000,1000,0,"Bought 1,000.0000 USDC for $1,000.00 USD"
2021-11-12T17:13:23Z,CardSpend,USDC,18.9,USD,1,,,,618ea0b17eef1202d6ddcb4a
2021-11-13T00:40:50Z,CardSpend,USDC,37.06,USD,1,,,,618f0991d49afb050430868b
2021-11-13T01:15:12Z,CardSpend,USDC,106.25,USD,1,,,,618f119f5f464c1209e902a4
2021-11-13T01:15:15Z,CardSpend,USDC,1.99,USD,1,,,,618f11a1ed9958096dc248f7
2021-11-13T06:50:18Z,Convert,USDC,1025.45,USD,1,1004.87,1025.45,20.58,"Converted 1,025.4500 USDC to 1,000.366394 UST"
2021-11-14T15:12:48Z,CardSpend,USDC,8.39,USD,1,,,,6191276e33c5f10fdb42ebe2
2021-11-14T22:57:00Z,CardSpend,USDC,5.42,USD,1,,,,6191943b491098142d58861a
2021-11-15T02:51:55Z,CardSpend,USDC,19.99,USD,1,,,,6191cb49f5a7e504f45be953
2021-11-15T07:01:58Z,CardSpend,USDC,132.45,USD,1,,,,619205e5f0d93f0dab661c66
2021-11-15T09:07:04Z,CardSpend,USDC,8.68,USD,1,,,,619223369330fe12879e36f8
2021-11-16T03:25:06Z,CardSpend,USDC,13.03,USD,1,,,,61932490469918122a72d17b
2021-11-16T05:22:28Z,CardSpend,USDC,10.75,USD,1,,,,61934012a6616e0505bd696d
2021-11-16T20:22:27Z,CardSpend,USDC,88.44,USD,1,,,,61941301d74f4d0dc97e438d
2021-11-16T20:22:29Z,CardSpend,USDC,1.99,USD,1,,,,6194130327b1771ad0fc5a15
2021-11-17T01:17:06Z,CardSpend,USDC,38.05,USD,1,,,,6194581158b6a31884a0c32e
2021-11-17T07:45:49Z,CardSpend,USDC,23.2,USD,1,,,,6194b32cca33131682ee4628
2021-11-17T20:08:57Z,CardSpend,USDC,11.94,USD,1,,,,619561564315b10feaf8f3df
2021-11-18T23:51:52Z,CardSpend,USDC,13.03,USD,1,,,,6196e7168d883f144f1fa32a
2021-11-19T03:09:35Z,CardSpend,USDC,124.29,USD,1,,,,6197156bb96e0e0fd90b93ac
2021-11-19T03:16:54Z,CardSpend,USDC,24.42,USD,1,,,,61971724284ed916699927ab
2021-11-19T09:24:26Z,CardSpend,USDC,4,USD,1,,,,61976d48824f2102d99f6042
2021-11-19T20:51:47Z,CardSpend,USDC,117.27,USD,1,,,,61980e6189c31302d8a1e41a
2021-11-19T22:18:10Z,CardBuyBack,USDC,124.29,USD,1,,,,Bought 124.2900 USDC for $124.29 USD Card Hold Release.
2021-11-19T23:59:47Z,CardSpend,USDC,7.59,USD,1,,,,61983a6e1a17cf0fde7ddbe3
2021-11-20T07:38:37Z,CardSpend,USDC,12.07,USD,1,,,,6198a5fb285d4f00ada93c2c
2021-11-20T07:39:08Z,CardSpend,USDC,12.07,USD,1,,,,6198a61b352d890dc7199c1e
2021-11-20T07:40:14Z,CardSpend,USDC,12.07,USD,1,,,,6198a65dc059d01429fb160c
2021-11-20T07:43:13Z,CardSpend,USDC,14.68,USD,1,,,,6198a70e7204c31ae6f78ff5
2021-11-20T19:35:19Z,CardBuyBack,USDC,16.73,USD,1,,,,Bought 16.7300 USDC for $16.73 USD Card Hold Release.
2021-11-21T00:28:43Z,CardSpend,USDC,58.8,USD,1,,,,619992b932ee25143ca0a4bc
2021-11-21T00:28:46Z,CardSpend,USDC,1.99,USD,1,,,,619992bcbed8011438b9e4aa
2021-11-21T00:58:40Z,CardSpend,USDC,7,USD,1,,,,619999bf65ad68dc95bae083
2021-11-21T03:34:38Z,CardSpend,USDC,3.25,USD,1,,,,6199be4de8f1941897bdafde
2021-11-22T00:57:24Z,CardSpend,USDC,14.04,USD,1,,,,619aeaf2f0349b00a3d996a0
2021-11-22T01:17:53Z,CardSpend,USDC,38.05,USD,1,,,,619aefbf6d6be811f9f44cbf
2021-11-22T10:06:06Z,CardSpend,USDC,20.54,USD,1,,,,619b6b8b15c31aab41a09452
2021-11-22T15:39:20Z,CardSpend,USDC,32.22,USD,1,,,,619bb9a7c059d0974cfa0258
2021-11-22T16:58:55Z,CardSpend,USDC,40,USD,1,,,,619bcc4d347f145a7af16b2d
2021-11-23T03:21:03Z,CardSpend,USDC,21.72,USD,1,,,,619c5e1ecf581d0946d77eff
2021-11-24T01:21:51Z,CardSpend,USDC,12.95,USD,1,,,,619d93acbb9fcf121f5abbed
2021-11-24T04:06:38Z,CardSpend,USDC,7.59,USD,1,,,,619dba4cf6ce1e00aa3cb3de
2021-11-24T22:59:38Z,Buy,USDC,500,USD,1,500,500,0,Bought 500.0000 USDC for $500.00 USD
2021-11-25T01:15:00Z,CardSpend,USDC,38.05,USD,1,,,,619ee392f4c26200a386e3a1
2021-11-25T02:10:45Z,CardSpend,USDC,36.19,USD,1,,,,619ef0a3e18a02188f4022d4
2021-11-25T02:11:30Z,CardSpend,USDC,1.99,USD,1,,,,619ef0d0731d410dae87793a
2021-11-25T02:11:31Z,CardSpend,USDC,106.25,USD,1,,,,619ef0cd23f02900a1756f82
2021-11-25T02:12:54Z,CardSpend,USDC,9.99,USD,1,,,,619ef124c9007b0b8548aacd
2021-11-25T07:55:32Z,CardSpend,USDC,3.14,USD,1,,,,619f41730b8fee188aade586
2021-11-25T08:26:32Z,CardSpend,USDC,41.28,USD,1,,,,619f48b7c75c7b167dd25f2f
2021-11-25T08:26:42Z,CardSpend,USDC,29.99,USD,1,,,,619f48c0bec71f00aec0c867
2021-11-25T09:06:46Z,CardSpend,USDC,50,USD,1,,,,619f522504713a0da7b211c5
2021-11-26T14:32:35Z,CardBuyBack,USDC,3.73,USD,1,,,,Bought 3.7300 USDC for $3.73 USD Card Hold Release.
2021-11-26T17:29:02Z,CardSpend,USDC,5,USD,1,,,,61a1195c5aacd705064d3ff9
2021-11-27T03:16:14Z,CardSpend,USDC,5.42,USD,1,,,,61a1a2fbe57e536055495381
2021-11-27T05:28:45Z,CardSpend,USDC,49.99,USD,1,,,,61a1c20b7a19f57e22118a94
2021-11-27T10:37:58Z,CardSpend,USDC,10,USD,1,,,,61a20a855927f12095c260aa
2021-11-27T17:03:41Z,CardSpend,USDC,10.49,USD,1,,,,61a264eb9463a872b4f57b61
2021-11-29T02:24:14Z,CardSpend,USDC,129.25,USD,1,,,,61a439cccbcaec7089cacf0e
2021-11-29T03:23:59Z,CardSpend,USDC,21.72,USD,1,,,,61a447cc14c3f00243f60df5
2021-11-29T04:16:21Z,CardSpend,USDC,23.2,USD,1,,,,61a454131a6e7685e881bee6
2021-11-30T02:03:26Z,CardSpend,USDC,38.05,USD,1,,,,61a5866c29fa000fd4f4920b
2021-11-30T04:52:28Z,CardSpend,USDC,6.51,USD,1,,,,61a5ae0a9289da1438b3334f
2021-11-30T17:12:25Z,CardSpend,USDC,35.27,USD,1,,,,61a65b7865c92504f6e37ed0
2021-11-30T17:13:18Z,CardSpend,USDC,53.26,USD,1,,,,61a65bace65fd21ab7d1bc07
2021-12-01T01:40:53Z,CardSpend,USDC,1.99,USD,1,,,,61a6d2a21b7227188deb3ee7
2021-12-01T01:40:58Z,CardSpend,USDC,1.99,USD,1,,,,61a6d2a8fa2f300fd3d15a40
2021-12-01T01:41:19Z,CardSpend,USDC,1.99,USD,1,,,,61a6d2bd23400f18b1fcd922
2021-12-01T01:41:29Z,CardSpend,USDC,1.99,USD,1,,,,61a6d2c5a3c9d500ad6ac13c
2021-12-01T01:48:46Z,Buy,USDC,500,USD,1,500,500,0,Bought 500.0000 USDC for $500.00 USD
2021-12-01T09:06:02Z,CardBuyBack,USDC,1.99,USD,1,,,,Bought 1.9900 USDC for $1.99 USD Card Hold Release.
2021-12-01T09:06:09Z,CardBuyBack,USDC,1.99,USD,1,,,,Bought 1.9900 USDC for $1.99 USD Card Hold Release.
2021-12-01T09:07:43Z,CardBuyBack,USDC,1.99,USD,1,,,,Bought 1.9900 USDC for $1.99 USD Card Hold Release.
2021-12-01T09:07:52Z,CardBuyBack,USDC,1.99,USD,1,,,,Bought 1.9900 USDC for $1.99 USD Card Hold Release.
2021-12-01T11:34:37Z,CardSpend,USDC,34.95,USD,1,,,,61a75dcb28566b0b330c0db8
2021-12-01T16:34:31Z,CardBuyBack,USDC,5.23,USD,1,,,,Bought 5.2300 USDC for $5.23 USD Card Hold Release.
2021-12-01T20:08:44Z,CardSpend,USDC,5,USD,1,,,,61a7d64a8880d100a36466f8
2021-12-01T22:00:19Z,CardSpend,USDC,5,USD,1,,,,61a7f0716f0ed20da63e6dda
2021-12-02T12:50:41Z,CardSpend,USDC,14.95,USD,1,,,,61a8c11f50a2c302c39579f3
2021-12-02T20:20:17Z,CardSpend,USDC,24,USD,1,,,,61a92a809d20390daf87c346
2021-12-03T07:42:29Z,Receive,USDC,85.874201,USD,1,,,,Received 85.874201 USDC from an external account
2021-12-03T21:12:55Z,CardSpend,USDC,6.51,USD,1,,,,61aa88560c7f7604fc9ad85b
2021-12-04T00:52:41Z,CardSpend,USDC,38.05,USD,1,,,,61aabbd8c8e08300abaed8e5
2021-12-04T04:47:03Z,Rewards Income,USDC,0.063728,USD,1,0.06,0.06,0,Received 0.063728 USDC from Coinbase Rewards
2021-12-04T09:35:21Z,Convert,USDC,50,USD,1,47.74,50,2.26,Converted 50.0000 USDC to 0.50998819 AVAX
2021-12-04T18:45:23Z,Send,USDC,28.332348,USD,1,,,,Sent 28.332348 USDC to 0x7D24FbF18cfb958Ca6962f1381F43fE9dfC5d74e
2021-12-04T19:33:40Z,CardSpend,USDC,16.28,USD,1,,,,61abc292d3db8f51e8e61a30
2021-12-04T22:12:48Z,Receive,USDC,192.875269,USD,1,,,,Received 192.875269 USDC from an external account
2021-12-05T00:37:28Z,CardSpend,USDC,0.99,USD,1,,,,61ac09c743992d1aa6896c5b
2021-12-05T05:35:36Z,CardSpend,USDC,10.79,USD,1,,,,61ac4fa673ec23095146c875
2021-12-05T22:03:34Z,CardSpend,USDC,48.88,USD,1,,,,61ad37340c6c9a1882a29219
2021-12-05T22:57:26Z,CardSpend,USDC,21.68,USD,1,,,,61ad43d34f7860331a3fd31b
2021-12-05T22:58:53Z,CardSpend,USDC,53.6,USD,1,,,,61ad442bffcd54e1c0493e78
2021-12-06T07:18:56Z,CardSpend,USDC,159.04,USD,1,,,,61adb95e1242f9071cb465f3
2021-12-06T09:14:03Z,CardSpend,USDC,48.85,USD,1,,,,61add45a34d99e0732605322
2021-12-06T23:48:14Z,CardSpend,USDC,10.85,USD,1,,,,61aea13b7f598118bebc4454
2021-12-07T08:48:39Z,CardSpend,USDC,186.45,USD,1,,,,61af1fe5cb1a1b12086ca6a1
2021-12-07T11:56:42Z,CardSpend,USDC,1,USD,1,,,,61af4bf8bb8112165c204aeb
2021-12-08T00:55:24Z,CardSpend,USDC,6.51,USD,1,,,,61b0027ac4dd0a0952f7efd3
2021-12-08T01:06:43Z,CardSpend,USDC,10,USD,1,,,,61b0052127830100a5143edb
2021-12-08T01:08:13Z,CardSpend,USDC,10,USD,1,,,,61b0057c90cec40dbab99bfd
2021-12-08T03:37:54Z,CardSpend,USDC,30,USD,1,,,,61b0288f7af629121a7fa973
2021-12-08T06:43:31Z,CardSpend,USDC,26.28,USD,1,,,,61b0541120c86e0b7e9f8e12
2021-12-08T06:43:34Z,CardSpend,USDC,24.14,USD,1,,,,61b054153e919f1429b376e6
2021-12-08T06:43:43Z,CardSpend,USDC,12.05,USD,1,,,,61b0541ae46ee718a48e3f23
2021-12-08T08:18:52Z,CardSpend,USDC,229,USD,1,,,,61b06a6b0ff8ce1219e712b5
2021-12-08T11:42:43Z,CardSpend,USDC,1.99,USD,1,,,,61b09a31b699483d968765ed
2021-12-08T21:06:57Z,CardSpend,USDC,9.99,USD,1,,,,61b11e6ed2818204f67bec15
2021-12-09T00:17:02Z,Buy,USDC,500,USD,1,500,500,0,Bought 500.0000 USDC for $500.00 USD
2021-12-10T00:23:32Z,CardSpend,USDC,29,USD,1,,,,61b29e035d8bfa0fd8e8fcfe
2021-12-10T02:55:30Z,CardSpend,USDC,9.77,USD,1,,,,61b2c1a00422bf00a213d974
2021-12-10T08:26:34Z,Convert,USDC,100,USD,1,96.46,100,3.54,Converted 100.0000 USDC to 96.31835808 UST
2021-12-10T15:35:53Z,CardSpend,USDC,1.99,USD,1,,,,61b373d65c9d66009e9c2363
2021-12-11T01:02:57Z,CardSpend,USDC,34.04,USD,1,,,,61b3f8be371d930727c75a2e
2021-12-11T17:58:12Z,CardSpend,USDC,173.9,USD,1,,,,61b4e6b20d64c5187e3a43c4
2021-12-12T09:29:16Z,CardSpend,USDC,17.03,USD,1,,,,61b5c0eb75cf831650542a6a
2021-12-12T15:57:54Z,CardBuyBack,USDC,16.47,USD,1,,,,Bought 16.4700 USDC for $16.47 USD Card Hold Release.
2021-12-12T20:31:13Z,CardSpend,USDC,7,USD,1,,,,61b65c10d5e5df1aa67422f2
2021-12-12T23:42:50Z,CardSpend,USDC,58.8,USD,1,,,,61b688f8f8248f142e5f1817
2021-12-12T23:42:51Z,CardSpend,USDC,1.99,USD,1,,,,61b688f9d3d1cc1ad08b788e
2021-12-14T10:50:54Z,CardSpend,USDC,4.99,USD,1,,,,61b8770d996274383c2def5a
2021-12-14T19:38:34Z,CardSpend,USDC,8.39,USD,1,,,,61b8f2b82c34c0187c4be26a
2021-12-15T01:22:13Z,CardSpend,USDC,34.04,USD,1,,,,61b9434002a40e144dccec09
2021-12-15T03:19:20Z,CardSpend,USDC,19.99,USD,1,,,,61b95eb6dcf9f3120951a0de
2021-12-15T07:19:34Z,CardSpend,USDC,23.2,USD,1,,,,61b99704bc41210951db654a
2021-12-15T09:10:19Z,CardSpend,USDC,8.68,USD,1,,,,61b9b0f69196dd0da7f0a261
2021-12-17T00:56:03Z,CardSpend,USDC,54.3,USD,1,,,,61bbe0206448b2072069b7b2
2021-12-17T00:56:03Z,CardSpend,USDC,1.99,USD,1,,,,61bbe022b41ac2071dede223
2021-12-17T01:21:36Z,Receive,USDC,211.520662,USD,1,,,,Received 211.520662 USDC from an external account
2021-12-18T06:40:56Z,Receive,USDC,231.853796,USD,1,,,,Received 231.853796 USDC from an external account
2021-12-18T23:09:39Z,CardSpend,USDC,72.23,USD,1,,,,61be6a30d799c30ff1b74b7d
2021-12-18T23:12:08Z,CardSpend,USDC,72.23,USD,1,,,,61be6ac602fb160da8a59cfe
2021-12-18T23:29:26Z,CardBuyBack,USDC,72.23,USD,1,,,,Bought 72.2300 USDC for $72.23 USD Card Hold Release.
2021-12-18T23:47:57Z,CardSpend,USDC,13.03,USD,1,,,,61be732bcbe04f1425487d7f
2021-12-19T00:20:08Z,CardSpend,USDC,20.78,USD,1,,,,61be7ab75dc79502d750caf7
2021-12-19T01:48:34Z,CardSpend,USDC,3.74,USD,1,,,,61be8f708af0da1207494f8a
2021-12-19T10:24:49Z,CardSpend,USDC,4,USD,1,,,,61bf086fe6a50411f7fc87b2
2021-12-19T19:58:59Z,CardSpend,USDC,19.54,USD,1,,,,61bf8f01ef3a72eaba70696b
2021-12-19T23:52:19Z,CardSpend,USDC,7.59,USD,1,,,,61bfc5b136631b04f2a71775
2021-12-20T20:52:16Z,CardSpend,USDC,51.71,USD,1,,,,61c0ecfee0350c04fc26c8fd
2021-12-21T01:18:27Z,CardSpend,USDC,38.05,USD,1,,,,61c12b617935421448396b0d
2021-12-21T03:57:09Z,CardSpend,USDC,3.25,USD,1,,,,61c150930a1acc0735ba054c
2021-12-21T17:12:17Z,CardBuyBack,USDC,6.75,USD,1,,,,Bought 6.7500 USDC for $6.75 USD Card Hold Release.
2021-12-21T17:27:17Z,CardSpend,USDC,10.85,USD,1,,,,61c20e733477430fd73b91ce
2021-12-21T23:25:12Z,CardSpend,USDC,5,USD,1,,,,61c26253eb4edd165d08b701
2021-12-24T00:56:47Z,CardSpend,USDC,58.8,USD,1,,,,61c51acd320633142ceaa764
2021-12-24T00:56:49Z,CardSpend,USDC,1.99,USD,1,,,,61c51acff96cb2050bdb74a4
2021-12-24T01:09:21Z,CardSpend,USDC,12.95,USD,1,,,,61c51dbf1a9a530b7dab873a
2021-12-24T01:14:35Z,CardSpend,USDC,14.49,USD,1,,,,61c51ef977667f166321fe7b
2020-08-20T18:14:19Z,Buy,BAT,1383.17651134,USD,0.3562,492.66,500,7.34,"Bought 1,383.17651134 BAT for $500.00 USD"
2020-09-06T21:11:47Z,Send,BAT,1602.0736264,USD,0.26,,,,"Sent 1,602.0736264 BAT to 0x7D24FbF18cfb958Ca6962f1381F43fE9dfC5d74e"
2021-01-08T10:03:43Z,Receive,BAT,1599.19067106,USD,0.27,,,,"Received 1,599.19067106 BAT from an external account"
2021-01-08T10:19:32Z,Sell,BAT,1599.19067106,USD,0.2639,421.98,415.69,6.29,"Sold 1,599.19067106 BAT for $415.69 USD"
2021-03-19T20:46:16Z,Convert,MANA,457.99780594,USD,0.98,439.59,449.31,9.72,Converted 457.99780594 MANA to 5.38659187 FIL
2020-08-09T04:12:34Z,Convert,KNC,126.57849957,USD,1.67,206.64,212,5.36,Converted 126.57849957 KNC to 0.01758573 BTC
2020-08-09T04:26:43Z,Send,KNC,86.36248936,USD,1.67,,,,Sent 86.36248936 KNC to 0xA48549C56165Eb794c2F2a3595Eb37A321aB2f89
2020-05-02T22:54:50Z,Buy,LINK,25.30431629,USD,3.83,97.01,100,2.99,Bought 25.30431629 LINK for $100.00 USD
2020-08-09T04:06:12Z,Send,LINK,25.08488407,USD,12.92,,,,Sent 25.08488407 LINK to 0xA48549C56165Eb794c2F2a3595Eb37A321aB2f89
2020-08-13T20:56:03Z,Send,LINK,51.70006674,USD,17.73,,,,Sent 51.70006674 LINK to 0x92b529d54eccc3D5b09942b049c7c43cE42eB726
2021-02-13T21:35:07Z,Buy,LINK,16.81134506,USD,32.82,551.78,560,8.22,Bought 16.81134506 LINK for $560.00 USD
2021-02-13T21:38:52Z,Send,LINK,17.45071054,USD,32.75,,,,Sent 17.45071054 LINK to 0xE627d6f73c48a01B651d3042D50Af7d22F7896f8
2021-02-27T22:40:54Z,Buy,LINK,18.28739232,USD,26.94,492.66,500,7.34,Bought 18.28739232 LINK for $500.00 USD
2021-02-27T22:58:17Z,Send,LINK,18.28739232,USD,26.47,,,,Sent 18.28739232 LINK to 0x9ce352c59EB25eb9e1b52B8d0CD836Df10cD048C
2021-03-24T18:58:40Z,Buy,CVC,1007.44566269,USD,0.489,492.66,500,7.34,"Bought 1,007.44566269 CVC for $500.00 USD"
2021-03-24T23:18:23Z,Sell,CVC,1007.44566269,USD,0.4249,428.06,421.68,6.38,"Sold 1,007.44566269 CVC for $421.68 USD"
2020-08-20T18:12:55Z,Buy,OMG,89.29124868,USD,5.52,492.66,500,7.34,Bought 89.29124868 OMG for $500.00 USD
2020-08-23T02:17:32Z,Sell,OMG,89.29124868,USD,6.45,575.74,567.16,8.58,Sold 89.29124868 OMG for $567.16 USD
2021-04-06T22:47:19Z,Buy,DAI,245.00304635,USD,1.01,246.33,250,3.67,Bought 245.00304635 DAI for $250.00 USD
2021-04-06T22:49:03Z,Send,DAI,245.00304635,USD,1,,,,Sent 245.00304635 DAI to 0x7bD8291d998c48cFBbF33ffa4Ab668451F7DE0Cc
2021-04-11T07:46:01Z,Rewards Income,DAI,0.00010046,USD,1,0,0,0,Received 0.00010046 DAI from Coinbase Rewards
2020-06-08T01:07:08Z,Convert,REP,27.04530088,USD,14.79,390.93,400,9.07,Converted 27.04530088 REP to 1.6005861 ETH
2020-08-24T01:51:45Z,Convert,REP,2.45800901,USD,24.41,57.56,60,2.44,Converted 2.45800901 REP to 138.35991924 BAT
2020-06-20T03:51:38Z,Buy,XTZ,184.963572,USD,2.66,492.66,500,7.34,Bought 184.963572 XTZ for $500.00 USD
2020-07-04T00:19:59Z,Convert,XTZ,175.492476,USD,2.28,390.93,400,9.07,Converted 175.492476 XTZ to 212.94098893 KNC
2020-07-29T20:50:47Z,Rewards Income,XTZ,0.061572,USD,2.8,0.17,0.17,0,Received 0.061572 XTZ from Coinbase Rewards
2020-08-02T03:46:41Z,Rewards Income,XTZ,0.062463,USD,3.13,0.2,0.2,0,Received 0.062463 XTZ from Coinbase Rewards
2020-08-04T19:52:46Z,Rewards Income,XTZ,0.065137,USD,3.21,0.21,0.21,0,Received 0.065137 XTZ from Coinbase Rewards
2020-08-07T19:21:09Z,Rewards Income,XTZ,0.067186,USD,3.06,0.21,0.21,0,Received 0.067186 XTZ from Coinbase Rewards
2020-08-10T19:41:10Z,Rewards Income,XTZ,0.066712,USD,3.91,0.26,0.26,0,Received 0.066712 XTZ from Coinbase Rewards
2020-08-13T20:36:58Z,Rewards Income,XTZ,0.003447,USD,4.22,0.01,0.01,0,Received 0.003447 XTZ from Coinbase Rewards
2020-08-15T19:03:52Z,Rewards Income,XTZ,0.003288,USD,4.18,0.01,0.01,0,Received 0.003288 XTZ from Coinbase Rewards
2020-08-22T22:58:18Z,Rewards Income,XTZ,0.003388,USD,3.59,0.01,0.01,0,Received 0.003388 XTZ from Coinbase Rewards
2020-08-23T00:37:07Z,Rewards Income,XTZ,0.003276,USD,3.54,0.01,0.01,0,Received 0.003276 XTZ from Coinbase Rewards
2020-08-24T01:53:08Z,Convert,XTZ,9.599232,USD,3.54,33.51,34,0.49,Converted 9.599232 XTZ to 80.53719582 BAT
2020-08-24T20:49:19Z,Rewards Income,XTZ,0.003291,USD,3.68,0.01,0.01,0,Received 0.003291 XTZ from Coinbase Rewards
2020-08-27T19:51:48Z,Rewards Income,XTZ,0.003268,USD,3.19,0.01,0.01,0,Received 0.003268 XTZ from Coinbase Rewards
2020-08-30T19:43:15Z,Rewards Income,XTZ,0.003338,USD,3.39,0.01,0.01,0,Received 0.003338 XTZ from Coinbase Rewards
2020-09-02T20:54:25Z,Rewards Income,XTZ,0.003476,USD,3.1,0.01,0.01,0,Received 0.003476 XTZ from Coinbase Rewards
2020-09-05T20:54:03Z,Rewards Income,XTZ,0.003362,USD,2.48,0.01,0.01,0,Received 0.003362 XTZ from Coinbase Rewards
2020-09-07T20:00:17Z,Rewards Income,XTZ,0.003367,USD,2.46,0.01,0.01,0,Received 0.003367 XTZ from Coinbase Rewards
2020-09-10T19:29:50Z,Rewards Income,XTZ,0.003327,USD,2.56,0.01,0.01,0,Received 0.003327 XTZ from Coinbase Rewards
2020-09-11T20:14:01Z,Rewards Income,XTZ,0.003232,USD,2.55,0.01,0.01,0,Received 0.003232 XTZ from Coinbase Rewards
2020-09-13T20:32:11Z,Rewards Income,XTZ,0.003568,USD,2.58,0.01,0.01,0,Received 0.003568 XTZ from Coinbase Rewards
2020-09-16T19:13:21Z,Rewards Income,XTZ,0.003562,USD,2.46,0.01,0.01,0,Received 0.003562 XTZ from Coinbase Rewards
2020-09-19T20:07:26Z,Rewards Income,XTZ,0.00327,USD,2.31,0.01,0.01,0,Received 0.00327 XTZ from Coinbase Rewards
2020-09-22T20:53:52Z,Rewards Income,XTZ,0.003425,USD,2.15,0.01,0.01,0,Received 0.003425 XTZ from Coinbase Rewards
2020-09-25T20:31:22Z,Rewards Income,XTZ,0.003402,USD,2.23,0.01,0.01,0,Received 0.003402 XTZ from Coinbase Rewards
2020-09-28T20:30:17Z,Rewards Income,XTZ,0.003404,USD,2.3,0.01,0.01,0,Received 0.003404 XTZ from Coinbase Rewards
2021-11-11T16:21:47Z,Rewards Income,XTZ,0.000076,USD,5.98,0,0,0,Received 0.000076 XTZ from Coinbase Rewards
2021-11-17T20:52:13Z,Rewards Income,XTZ,0.000072,USD,5.22,0,0,0,Received 0.000072 XTZ from Coinbase Rewards
2021-11-19T19:11:09Z,Rewards Income,XTZ,0.000071,USD,5.19,0,0,0,Received 0.000071 XTZ from Coinbase Rewards
2021-11-22T12:55:39Z,Rewards Income,XTZ,0.00007,USD,5.09,0,0,0,Received 0.00007 XTZ from Coinbase Rewards
2021-11-25T13:09:24Z,Rewards Income,XTZ,0.000071,USD,5.08,0,0,0,Received 0.000071 XTZ from Coinbase Rewards
2021-11-30T17:13:34Z,Rewards Income,XTZ,0.000072,USD,5.44,0,0,0,Received 0.000072 XTZ from Coinbase Rewards
2021-12-04T15:40:45Z,Rewards Income,XTZ,0.000077,USD,4.53,0,0,0,Received 0.000077 XTZ from Coinbase Rewards
2021-12-06T16:22:27Z,Rewards Income,XTZ,0.000077,USD,3.93,0,0,0,Received 0.000077 XTZ from Coinbase Rewards
2021-12-08T14:18:09Z,Rewards Income,XTZ,0.000074,USD,5.29,0,0,0,Received 0.000074 XTZ from Coinbase Rewards
2021-12-11T18:42:10Z,Rewards Income,XTZ,0.000075,USD,4.54,0,0,0,Received 0.000075 XTZ from Coinbase Rewards
2021-12-14T12:18:51Z,Rewards Income,XTZ,0.000068,USD,4.44,0,0,0,Received 0.000068 XTZ from Coinbase Rewards
2021-12-19T05:21:09Z,Rewards Income,XTZ,0.000072,USD,4.3,0,0,0,Received 0.000072 XTZ from Coinbase Rewards
2021-12-21T03:36:25Z,Rewards Income,XTZ,0.000071,USD,4.14,0,0,0,Received 0.000071 XTZ from Coinbase Rewards
2021-12-23T17:10:40Z,Rewards Income,XTZ,0.000078,USD,4.64,0,0,0,Received 0.000078 XTZ from Coinbase Rewards
2020-08-23T02:22:02Z,Buy,ATOM,66.604969,USD,8.14,541.93,550,8.07,Bought 66.604969 ATOM for $550.00 USD
2020-10-09T00:53:37Z,Rewards Income,ATOM,0.052541,USD,4.95,0.26,0.26,0,Received 0.052541 ATOM from Coinbase Rewards
2020-10-19T18:00:21Z,Rewards Income,ATOM,0.000534,USD,5.6,0,0,0,Received 0.000534 ATOM from Coinbase Rewards
2020-10-23T00:58:21Z,Rewards Income,ATOM,0.050123,USD,5.38,0.27,0.27,0,Received 0.050123 ATOM from Coinbase Rewards
2020-10-30T17:55:54Z,Rewards Income,ATOM,0.06977,USD,4.52,0.32,0.32,0,Received 0.06977 ATOM from Coinbase Rewards
2020-10-31T19:59:10Z,Rewards Income,ATOM,0.006759,USD,4.66,0.03,0.03,0,Received 0.006759 ATOM from Coinbase Rewards
2020-11-06T00:03:07Z,Rewards Income,ATOM,0.042992,USD,4.52,0.19,0.19,0,Received 0.042992 ATOM from Coinbase Rewards
2020-11-13T01:03:06Z,Rewards Income,ATOM,0.0571,USD,5.08,0.29,0.29,0,Received 0.0571 ATOM from Coinbase Rewards
2020-11-19T21:05:08Z,Rewards Income,ATOM,0.060918,USD,5.14,0.31,0.31,0,Received 0.060918 ATOM from Coinbase Rewards
2020-11-26T20:23:14Z,Rewards Income,ATOM,0.063929,USD,5.26,0.34,0.34,0,Received 0.063929 ATOM from Coinbase Rewards
2020-12-03T20:15:27Z,Rewards Income,ATOM,0.067421,USD,5.57,0.38,0.38,0,Received 0.067421 ATOM from Coinbase Rewards
2020-12-10T19:35:31Z,Rewards Income,ATOM,0.067848,USD,4.69,0.32,0.32,0,Received 0.067848 ATOM from Coinbase Rewards
2020-12-21T00:09:03Z,Rewards Income,ATOM,0.075721,USD,5.01,0.38,0.38,0,Received 0.075721 ATOM from Coinbase Rewards
2021-01-01T06:46:02Z,Rewards Income,ATOM,0.132106,USD,5.96,0.79,0.79,0,Received 0.132106 ATOM from Coinbase Rewards
2021-01-08T09:49:37Z,Sell,ATOM,67.352731,USD,6.08,409.2,403.1,6.1,Sold 67.352731 ATOM for $403.10 USD
2021-01-08T19:43:50Z,Rewards Income,ATOM,0.009532,USD,5.87,0.06,0.06,0,Received 0.009532 ATOM from Coinbase Rewards
2021-01-15T09:33:04Z,Rewards Income,ATOM,0.112522,USD,8.23,0.93,0.93,0,Received 0.112522 ATOM from Coinbase Rewards
2021-09-17T16:11:51Z,Buy,ATOM,40.818005,USD,33.8,1379.45,1400,20.55,"Bought 40.818005 ATOM for $1,400.00 USD"
2021-09-20T23:36:05Z,Convert,ATOM,40.940059,USD,33.78,1353.32,1383.12,29.8,"Converted 40.940059 ATOM to 1,353.324156 USDC"
2021-05-10T17:54:00Z,Coinbase Earn,COMP,0.00384143,USD,780.66,3,3,0,Received 0.00384143 COMP from Coinbase Earn
2021-05-10T17:57:08Z,Coinbase Earn,COMP,0.00384616,USD,780.12,3,3,0,Received 0.00384616 COMP from Coinbase Earn
2021-05-10T17:57:41Z,Coinbase Earn,COMP,0.00384379,USD,780.12,3,3,0,Received 0.00384379 COMP from Coinbase Earn
2021-02-27T22:34:25Z,Coinbase Earn,CGLD,0.49665996,USD,4.05,2.01,2.01,0,Received 0.49665996 CGLD from Coinbase Earn
2021-03-22T20:39:46Z,Convert,FIL,36.11715476,USD,76.84,2723.54,2775.3,51.76,Converted 36.11715476 FIL to 1.56795415 ETH
2021-03-24T18:59:17Z,Buy,FIL,5.51491831,USD,89.33,492.66,500,7.34,Bought 5.51491831 FIL for $500.00 USD
2021-03-24T23:16:22Z,Convert,FIL,5.51491831,USD,87.5,472.56,482.58,10.02,Converted 5.51491831 FIL to 472.55813 USDC
2021-02-12T03:31:29Z,Buy,GRT,246.70808013,USD,2,492.66,500,7.34,Bought 246.70808013 GRT for $500.00 USD
2021-02-13T21:32:50Z,Sell,GRT,246.70808013,USD,2.31,570.58,562.08,8.5,Sold 246.70808013 GRT for $562.08 USD
2021-09-24T15:35:20Z,Receive,GRT,0.11446559,USD,0.7,,,,Received 0.11446559 GRT from Card Rewards
2021-09-24T15:35:21Z,Receive,GRT,3.36242667,USD,0.7,,,,Received 3.36242667 GRT from Card Rewards
2021-09-26T12:07:08Z,Receive,GRT,1.67302612,USD,0.68,,,,Received 1.67302612 GRT from Card Rewards
2021-10-01T15:41:25Z,Receive,GRT,0.67653277,USD,0.71,,,,Received 0.67653277 GRT from Coinbase Card
2021-10-02T16:38:28Z,Receive,GRT,0.7018491,USD,0.74,,,,Received 0.7018491 GRT from Coinbase Card
2021-10-03T11:33:22Z,Receive,GRT,1.5509149,USD,0.74,,,,Received 1.5509149 GRT from Coinbase Card
2021-10-03T13:31:59Z,Receive,GRT,0.22909507,USD,0.74,,,,Received 0.22909507 GRT from Coinbase Card
2021-10-04T12:55:14Z,Receive,GRT,1.13142463,USD,0.72,,,,Received 1.13142463 GRT from Coinbase Card
2021-10-04T14:29:53Z,Receive,GRT,3.19858446,USD,0.73,,,,Received 3.19858446 GRT from Coinbase Card
2021-10-04T14:36:07Z,Receive,GRT,0.10918521,USD,0.73,,,,Received 0.10918521 GRT from Coinbase Card
2021-10-04T14:54:38Z,Receive,GRT,0.36259675,USD,0.72,,,,Received 0.36259675 GRT from Coinbase Card
2021-10-05T14:09:19Z,Receive,GRT,0.65078745,USD,0.77,,,,Received 0.65078745 GRT from Coinbase Card
2021-10-05T15:10:56Z,Receive,GRT,0.05323396,USD,0.75,,,,Received 0.05323396 GRT from Coinbase Card
2021-10-05T15:11:16Z,Receive,GRT,1.73010381,USD,0.75,,,,Received 1.73010381 GRT from Coinbase Card
2021-10-06T15:39:24Z,Receive,GRT,1.16715857,USD,0.75,,,,Received 1.16715857 GRT from Coinbase Card
2021-10-07T15:26:39Z,Receive,GRT,0.59697348,USD,0.72,,,,Received 0.59697348 GRT from Coinbase Card
2021-10-07T15:34:11Z,Receive,GRT,0.41559881,USD,0.72,,,,Received 0.41559881 GRT from Coinbase Card
2021-10-08T14:38:56Z,Receive,GRT,0.71600688,USD,0.73,,,,Received 0.71600688 GRT from Coinbase Card
2021-10-08T15:50:00Z,Receive,GRT,0.36001108,USD,0.72,,,,Received 0.36001108 GRT from Coinbase Card
2021-10-08T16:35:32Z,Receive,GRT,0.35871965,USD,0.72,,,,Received 0.35871965 GRT from Coinbase Card
2021-10-09T16:28:05Z,Receive,GRT,0.35663905,USD,0.73,,,,Received 0.35663905 GRT from Coinbase Card
2021-10-10T11:36:07Z,Receive,GRT,1.78877154,USD,0.72,,,,Received 1.78877154 GRT from Coinbase Card
2021-10-10T13:41:59Z,Receive,GRT,0.11115766,USD,0.72,,,,Received 0.11115766 GRT from Coinbase Card
2021-10-10T13:45:00Z,Receive,GRT,3.2814789,USD,0.72,,,,Received 3.2814789 GRT from Coinbase Card
2021-10-10T15:05:04Z,Receive,GRT,0.54183709,USD,0.72,,,,Received 0.54183709 GRT from Coinbase Card
2021-10-10T15:06:53Z,Receive,GRT,0.24047206,USD,0.72,,,,Received 0.24047206 GRT from Coinbase Card
2021-10-12T15:28:46Z,Receive,GRT,0.52324618,USD,0.66,,,,Received 0.52324618 GRT from Coinbase Card
2021-10-12T15:34:39Z,Receive,GRT,0.65179845,USD,0.67,,,,Received 0.65179845 GRT from Coinbase Card
2021-10-12T15:39:04Z,Receive,GRT,0.32520813,USD,0.67,,,,Received 0.32520813 GRT from Coinbase Card
2021-10-13T13:05:06Z,Receive,GRT,1.60315338,USD,0.71,,,,Received 1.60315338 GRT from Coinbase Card
2021-10-14T15:43:05Z,Receive,GRT,6.3507109,USD,0.74,,,,Received 6.3507109 GRT from Coinbase Card
2021-10-15T13:55:21Z,Receive,GRT,0.73217876,USD,0.77,,,,Received 0.73217876 GRT from Coinbase Card
2021-10-15T14:44:35Z,Receive,GRT,0.43609902,USD,0.77,,,,Received 0.43609902 GRT from Coinbase Card
2021-10-15T15:05:22Z,Receive,GRT,12.12827988,USD,0.77,,,,Received 12.12827988 GRT from Coinbase Card
2021-10-15T18:39:32Z,Convert,GRT,48.22972596,USD,0.77,34.9,37.07,2.17,Converted 48.22972596 GRT to 34.90454 USDC
2021-10-16T15:15:47Z,Receive,GRT,0.43076923,USD,0.81,,,,Received 0.43076923 GRT from Coinbase Card
2021-10-16T15:37:32Z,Receive,GRT,0.09805371,USD,0.81,,,,Received 0.09805371 GRT from Coinbase Card
2021-10-16T15:42:43Z,Receive,GRT,2.89298893,USD,0.81,,,,Received 2.89298893 GRT from Coinbase Card
2021-10-17T12:24:19Z,Receive,GRT,1.59702233,USD,0.81,,,,Received 1.59702233 GRT from Coinbase Card
2021-10-17T13:23:40Z,Receive,GRT,0.50987302,USD,0.82,,,,Received 0.50987302 GRT from Coinbase Card
2021-10-17T15:49:33Z,Receive,GRT,0.54891545,USD,0.79,,,,Received 0.54891545 GRT from Coinbase Card
2021-10-17T15:55:43Z,Receive,GRT,0.78463197,USD,0.79,,,,Received 0.78463197 GRT from Coinbase Card
2021-10-17T15:56:44Z,Receive,GRT,0.74577992,USD,0.79,,,,Received 0.74577992 GRT from Coinbase Card
2021-10-17T17:08:21Z,Receive,GRT,0.4388271,USD,0.79,,,,Received 0.4388271 GRT from Coinbase Card
2021-10-18T14:53:33Z,Receive,GRT,3.71650687,USD,0.77,,,,Received 3.71650687 GRT from Coinbase Card
2021-10-18T16:22:28Z,Receive,GRT,0.22565305,USD,0.77,,,,Received 0.22565305 GRT from Coinbase Card
2021-10-19T14:43:10Z,Receive,GRT,0.26322717,USD,0.76,,,,Received 0.26322717 GRT from Coinbase Card
2021-10-19T15:27:16Z,Receive,GRT,0.67895525,USD,0.77,,,,Received 0.67895525 GRT from Coinbase Card
2021-10-19T15:40:15Z,Receive,GRT,0.33965956,USD,0.77,,,,Received 0.33965956 GRT from Coinbase Card
2021-10-20T15:05:07Z,Receive,GRT,0.18869037,USD,0.85,,,,Received 0.18869037 GRT from Coinbase Card
2021-10-20T15:32:08Z,Receive,GRT,0.36016371,USD,0.84,,,,Received 0.36016371 GRT from Coinbase Card
2021-10-20T15:58:41Z,Receive,GRT,0.2579417,USD,0.84,,,,Received 0.2579417 GRT from Coinbase Card
2021-10-20T16:07:03Z,Receive,GRT,1.22194454,USD,0.84,,,,Received 1.22194454 GRT from Coinbase Card
2021-10-20T16:12:13Z,Receive,GRT,0.09754943,USD,0.84,,,,Received 0.09754943 GRT from Coinbase Card
2021-10-20T23:35:25Z,Convert,GRT,15.39715331,USD,0.87,11.9,13.38,1.48,Converted 15.39715331 GRT to 11.904757 USDC
2021-10-21T14:51:22Z,Receive,GRT,1.03352266,USD,0.9,,,,Received 1.03352266 GRT from Coinbase Card
2021-10-21T16:05:08Z,Receive,GRT,0.29400474,USD,0.89,,,,Received 0.29400474 GRT from Coinbase Card
2021-10-21T16:30:28Z,Receive,GRT,0.1426925,USD,0.91,,,,Received 0.1426925 GRT from Coinbase Card
2021-10-21T16:32:37Z,Receive,GRT,3.47229781,USD,0.92,,,,Received 3.47229781 GRT from Coinbase Card
2021-10-22T13:55:22Z,Receive,GRT,1.42752578,USD,0.9,,,,Received 1.42752578 GRT from Coinbase Card
2021-10-22T16:24:50Z,Receive,GRT,0.08786357,USD,0.91,,,,Received 0.08786357 GRT from Coinbase Card
2021-10-22T16:26:22Z,Receive,GRT,2.39193877,USD,0.91,,,,Received 2.39193877 GRT from Coinbase Card
2021-10-22T18:13:34Z,Receive,GRT,4.1170136,USD,0.9,,,,Received 4.1170136 GRT from Coinbase Card
2021-10-22T18:22:29Z,Receive,GRT,0.19212424,USD,0.9,,,,Received 0.19212424 GRT from Coinbase Card
2021-10-23T15:34:37Z,Receive,GRT,2.50716538,USD,0.9,,,,Received 2.50716538 GRT from Coinbase Card
2021-10-24T15:57:34Z,Receive,GRT,0.9760701,USD,0.89,,,,Received 0.9760701 GRT from Coinbase Card
2021-10-24T16:04:21Z,Receive,GRT,0.22521254,USD,0.89,,,,Received 0.22521254 GRT from Coinbase Card
2021-10-25T14:49:26Z,Receive,GRT,1.23654996,USD,1.05,,,,Received 1.23654996 GRT from Coinbase Card
2021-10-25T14:55:39Z,Receive,GRT,2.41880872,USD,1.05,,,,Received 2.41880872 GRT from Coinbase Card
2021-10-25T16:59:02Z,Receive,GRT,0.47003248,USD,1.02,,,,Received 0.47003248 GRT from Coinbase Card
2021-10-26T14:22:42Z,Receive,GRT,1.800018,USD,1.11,,,,Received 1.800018 GRT from Coinbase Card
2021-10-26T16:43:36Z,Receive,GRT,0.53429413,USD,1.14,,,,Received 0.53429413 GRT from Coinbase Card
2021-10-27T13:25:00Z,Receive,GRT,1.32489321,USD,0.97,,,,Received 1.32489321 GRT from Coinbase Card
2021-10-27T14:19:35Z,Receive,GRT,2.28667684,USD,0.95,,,,Received 2.28667684 GRT from Coinbase Card
2021-10-27T15:06:16Z,Receive,GRT,3.42780941,USD,0.97,,,,Received 3.42780941 GRT from Coinbase Card
2021-10-28T16:03:50Z,Receive,GRT,0.44156801,USD,0.95,,,,Received 0.44156801 GRT from Coinbase Card
2021-10-28T17:33:45Z,Receive,GRT,0.2108148,USD,0.95,,,,Received 0.2108148 GRT from Coinbase Card
2021-10-30T14:44:52Z,Receive,GRT,6.45786245,USD,0.93,,,,Received 6.45786245 GRT from Coinbase Card
2021-10-30T17:13:43Z,Receive,GRT,0.55336304,USD,0.94,,,,Received 0.55336304 GRT from Coinbase Card
2021-10-30T17:14:33Z,Receive,GRT,0.13786521,USD,0.94,,,,Received 0.13786521 GRT from Coinbase Card
2021-10-31T15:31:54Z,Receive,GRT,0.28169624,USD,0.92,,,,Received 0.28169624 GRT from Coinbase Card
2021-11-01T14:25:34Z,Receive,GRT,7.28911835,USD,1.01,,,,Received 7.28911835 GRT from Coinbase Card
2021-11-01T15:15:06Z,Receive,GRT,1.28617106,USD,1,,,,Received 1.28617106 GRT from Coinbase Card
2021-11-01T17:20:45Z,Receive,GRT,0.08073022,USD,0.99,,,,Received 0.08073022 GRT from Coinbase Card
2021-11-01T17:22:33Z,Receive,GRT,2.38370325,USD,0.99,,,,Received 2.38370325 GRT from Coinbase Card
2021-11-01T18:20:14Z,Receive,GRT,0.2227588,USD,0.97,,,,Received 0.2227588 GRT from Coinbase Card
2021-11-04T12:23:56Z,Receive,GRT,0.46279719,USD,1.04,,,,Received 0.46279719 GRT from Coinbase Card
2021-11-04T15:04:41Z,Receive,GRT,0.91123331,USD,1.02,,,,Received 0.91123331 GRT from Coinbase Card
2021-11-04T16:20:30Z,Receive,GRT,0.25664022,USD,1.01,,,,Received 0.25664022 GRT from Coinbase Card
2021-11-04T16:30:33Z,Receive,GRT,2.13861386,USD,1.01,,,,Received 2.13861386 GRT from Coinbase Card
2021-11-05T16:20:17Z,Receive,GRT,0.03642049,USD,1.09,,,,Received 0.03642049 GRT from Coinbase Card
2021-11-06T15:23:21Z,Receive,GRT,2.08133856,USD,1.03,,,,Received 2.08133856 GRT from Coinbase Card
2021-11-06T15:23:25Z,Receive,GRT,0.07698631,USD,1.03,,,,Received 0.07698631 GRT from Coinbase Card
2021-11-07T16:20:40Z,Receive,GRT,0.40430388,USD,1.07,,,,Received 0.40430388 GRT from Coinbase Card
2021-11-07T22:20:08Z,Convert,GRT,55.31228394,USD,1.08,56.67,59.96,3.29,Converted 55.31228394 GRT to 56.670215 USDC
2021-11-08T17:55:01Z,Receive,GRT,0.2332184,USD,1.12,,,,Received 0.2332184 GRT from Coinbase Card
2021-11-08T18:26:59Z,Receive,GRT,1.07836089,USD,1.11,,,,Received 1.07836089 GRT from Coinbase Card
2021-11-08T18:58:45Z,Receive,GRT,0.15643064,USD,1.11,,,,Received 0.15643064 GRT from Coinbase Card
2021-11-08T19:02:38Z,Receive,GRT,0.03604903,USD,1.11,,,,Received 0.03604903 GRT from Coinbase Card
2021-11-09T14:31:25Z,Receive,GRT,6.06427945,USD,1.25,,,,Received 6.06427945 GRT from Coinbase Card
2021-11-09T15:18:27Z,Receive,GRT,0.1758955,USD,1.23,,,,Received 0.1758955 GRT from Coinbase Card
2021-11-09T15:35:01Z,Receive,GRT,0.61411527,USD,1.24,,,,Received 0.61411527 GRT from Coinbase Card
2021-11-09T16:23:29Z,Receive,GRT,12.65360118,USD,1.22,,,,Received 12.65360118 GRT from Coinbase Card
2021-11-09T16:33:01Z,Receive,GRT,2.24372123,USD,1.24,,,,Received 2.24372123 GRT from Coinbase Card
2021-11-09T16:34:58Z,Receive,GRT,2.31168726,USD,1.23,,,,Received 2.31168726 GRT from Coinbase Card
2021-11-10T15:37:33Z,Receive,GRT,1.31038732,USD,1.22,,,,Received 1.31038732 GRT from Coinbase Card
2021-11-10T15:38:08Z,Receive,GRT,0.24117961,USD,1.22,,,,Received 0.24117961 GRT from Coinbase Card
2021-11-10T15:39:13Z,Receive,GRT,4.150497,USD,1.22,,,,Received 4.150497 GRT from Coinbase Card
2021-11-10T16:01:06Z,Receive,GRT,0.0647602,USD,1.23,,,,Received 0.0647602 GRT from Coinbase Card
2021-11-10T16:09:53Z,Receive,GRT,1.77103718,USD,1.23,,,,Received 1.77103718 GRT from Coinbase Card
2021-11-10T17:33:12Z,Receive,GRT,0.39869524,USD,1.21,,,,Received 0.39869524 GRT from Coinbase Card
2021-11-10T17:43:49Z,Receive,GRT,0.16540545,USD,1.21,,,,Received 0.16540545 GRT from Coinbase Card
2021-11-10T18:01:13Z,Receive,GRT,0.72633031,USD,1.2,,,,Received 0.72633031 GRT from Coinbase Card
2021-11-10T18:08:18Z,Receive,GRT,0.32847237,USD,1.19,,,,Received 0.32847237 GRT from Coinbase Card
2021-11-11T14:28:43Z,Receive,GRT,1.39979766,USD,1.09,,,,Received 1.39979766 GRT from Coinbase Card
2021-11-11T14:39:56Z,Receive,GRT,0.86732041,USD,1.1,,,,Received 0.86732041 GRT from Coinbase Card
2021-11-11T19:02:53Z,Receive,GRT,0.58400969,USD,1.12,,,,Received 0.58400969 GRT from Coinbase Card
2021-11-11T19:11:39Z,Receive,GRT,9.1231178,USD,1.13,,,,Received 9.1231178 GRT from Coinbase Card
2021-11-13T16:31:15Z,Receive,GRT,0.68369885,USD,1.11,,,,Received 0.68369885 GRT from Coinbase Card
2021-11-13T18:10:15Z,Receive,GRT,1.34141707,USD,1.11,,,,Received 1.34141707 GRT from Coinbase Card
2021-11-14T16:25:30Z,Receive,GRT,3.98033247,USD,1.07,,,,Received 3.98033247 GRT from Coinbase Card
2021-11-14T16:28:01Z,Receive,GRT,0.07451091,USD,1.07,,,,Received 0.07451091 GRT from Coinbase Card
2021-11-15T17:44:22Z,Receive,GRT,0.31694763,USD,1.06,,,,Received 0.31694763 GRT from Coinbase Card
2021-11-15T19:05:03Z,Receive,GRT,0.45812455,USD,1.05,,,,Received 0.45812455 GRT from Coinbase Card
2021-11-15T19:10:50Z,Receive,GRT,0.20681103,USD,1.05,,,,Received 0.20681103 GRT from Coinbase Card
2021-11-16T11:27:06Z,Receive,GRT,0.85546165,USD,0.93,,,,Received 0.85546165 GRT from Coinbase Card
2021-11-16T14:03:28Z,Receive,GRT,5.58595603,USD,0.95,,,,Received 5.58595603 GRT from Coinbase Card
2021-11-16T16:12:56Z,Receive,GRT,0.36898879,USD,0.94,,,,Received 0.36898879 GRT from Coinbase Card
2021-11-17T15:42:52Z,Receive,GRT,0.47666556,USD,0.9,,,,Received 0.47666556 GRT from Coinbase Card
2021-11-17T16:57:55Z,Receive,GRT,0.56181955,USD,0.93,,,,Received 0.56181955 GRT from Coinbase Card
2021-11-18T14:04:12Z,Receive,GRT,1.01648502,USD,0.91,,,,Received 1.01648502 GRT from Coinbase Card
2021-11-18T15:02:45Z,Receive,GRT,1.67307904,USD,0.91,,,,Received 1.67307904 GRT from Coinbase Card
2021-11-18T16:55:11Z,Receive,GRT,0.09145221,USD,0.87,,,,Received 0.09145221 GRT from Coinbase Card
2021-11-18T16:57:21Z,Receive,GRT,4.05734603,USD,0.87,,,,Received 4.05734603 GRT from Coinbase Card
2021-11-18T18:18:40Z,Receive,GRT,0.54220355,USD,0.88,,,,Received 0.54220355 GRT from Coinbase Card
2021-11-19T19:46:54Z,Receive,GRT,0.55343775,USD,0.94,,,,Received 0.55343775 GRT from Coinbase Card
2021-11-20T13:51:03Z,Receive,GRT,1.01962422,USD,0.96,,,,Received 1.01962422 GRT from Coinbase Card
2021-11-20T18:20:08Z,Receive,GRT,0.17043034,USD,0.94,,,,Received 0.17043034 GRT from Coinbase Card
2021-11-20T19:35:19Z,Receive,GRT,4.16767708,USD,0.96,,,,Received 4.16767708 GRT from Coinbase Card
2021-11-20T20:37:32Z,Receive,GRT,0.31729111,USD,0.96,,,,Received 0.31729111 GRT from Coinbase Card
2021-11-21T00:49:04Z,Convert,GRT,75.98634528,USD,0.96,69.26,72.62,3.36,Converted 75.98634528 GRT to 69.261296 USDC
2021-11-21T18:02:01Z,Receive,GRT,0.29397869,USD,0.95,,,,Received 0.29397869 GRT from Coinbase Card
2021-11-21T18:43:08Z,Receive,GRT,0.13754431,USD,0.95,,,,Received 0.13754431 GRT from Coinbase Card
2021-11-22T15:40:04Z,Receive,GRT,1.69951426,USD,0.9,,,,Received 1.69951426 GRT from Coinbase Card
2021-11-22T17:07:41Z,Receive,GRT,0.65411607,USD,0.9,,,,Received 0.65411607 GRT from Coinbase Card
2021-11-22T17:27:38Z,Receive,GRT,0.53947148,USD,0.89,,,,Received 0.53947148 GRT from Coinbase Card
2021-11-22T17:45:11Z,Receive,GRT,0.54271583,USD,0.89,,,,Received 0.54271583 GRT from Coinbase Card
2021-11-22T17:52:58Z,Receive,GRT,2.63765841,USD,0.89,,,,Received 2.63765841 GRT from Coinbase Card
2021-11-22T17:53:05Z,Receive,GRT,0.08926769,USD,0.89,,,,Received 0.08926769 GRT from Coinbase Card
2021-11-22T18:03:45Z,Receive,GRT,0.54158955,USD,0.89,,,,Received 0.54158955 GRT from Coinbase Card
2021-11-22T20:23:28Z,Receive,GRT,0.6504517,USD,0.86,,,,Received 0.6504517 GRT from Coinbase Card
2021-11-23T15:00:07Z,Receive,GRT,1.78104302,USD,0.9,,,,Received 1.78104302 GRT from Coinbase Card
2021-11-23T15:05:48Z,Receive,GRT,1.43566893,USD,0.9,,,,Received 1.43566893 GRT from Coinbase Card
2021-11-23T17:17:03Z,Receive,GRT,0.90310525,USD,0.91,,,,Received 0.90310525 GRT from Coinbase Card
2021-11-23T18:31:16Z,Receive,GRT,0.95242271,USD,0.91,,,,Received 0.95242271 GRT from Coinbase Card
2021-11-24T18:11:25Z,Receive,GRT,0.34962861,USD,0.87,,,,Received 0.34962861 GRT from Coinbase Card
2021-11-25T13:30:43Z,Receive,GRT,0.56188307,USD,0.92,,,,Received 0.56188307 GRT from Coinbase Card
2021-11-26T12:49:42Z,Receive,GRT,1.72142736,USD,0.88,,,,Received 1.72142736 GRT from Coinbase Card
2021-11-26T13:16:06Z,Receive,GRT,1.8617657,USD,0.89,,,,Received 1.8617657 GRT from Coinbase Card
2021-11-26T14:15:39Z,Receive,GRT,0.1387462,USD,0.91,,,,Received 0.1387462 GRT from Coinbase Card
2021-11-26T14:32:35Z,Receive,GRT,1.42979848,USD,0.91,,,,Received 1.42979848 GRT from Coinbase Card
2021-11-26T14:43:08Z,Receive,GRT,2.1873462,USD,0.91,,,,Received 2.1873462 GRT from Coinbase Card
2021-11-26T14:45:22Z,Receive,GRT,0.43794181,USD,0.91,,,,Received 0.43794181 GRT from Coinbase Card
2021-11-27T14:57:29Z,Receive,GRT,0.07404996,USD,1.07,,,,Received 0.07404996 GRT from Coinbase Card
2021-11-27T15:01:24Z,Receive,GRT,3.97865568,USD,1.07,,,,Received 3.97865568 GRT from Coinbase Card
2021-11-27T15:47:52Z,Receive,GRT,0.19425963,USD,1.03,,,,Received 0.19425963 GRT from Coinbase Card
2021-11-27T15:54:31Z,Receive,GRT,1.16601866,USD,1.03,,,,Received 1.16601866 GRT from Coinbase Card
2021-11-27T17:02:05Z,Receive,GRT,0.21354346,USD,1.02,,,,Received 0.21354346 GRT from Coinbase Card
2021-11-28T15:41:06Z,Receive,GRT,2.10495289,USD,0.95,,,,Received 2.10495289 GRT from Coinbase Card
2021-11-28T15:43:13Z,Receive,GRT,0.42096401,USD,0.95,,,,Received 0.42096401 GRT from Coinbase Card
2021-11-28T15:46:38Z,Receive,GRT,0.44207976,USD,0.95,,,,Received 0.44207976 GRT from Coinbase Card
2021-11-29T18:35:25Z,Receive,GRT,0.88055541,USD,0.99,,,,Received 0.88055541 GRT from Coinbase Card
2021-11-30T13:41:48Z,Receive,GRT,0.99118825,USD,0.94,,,,Received 0.99118825 GRT from Coinbase Card
2021-11-30T13:44:25Z,Receive,GRT,5.52616108,USD,0.94,,,,Received 5.52616108 GRT from Coinbase Card
2021-11-30T14:33:28Z,Receive,GRT,1.5984037,USD,0.95,,,,Received 1.5984037 GRT from Coinbase Card
2021-11-30T14:48:49Z,Receive,GRT,0.27516247,USD,0.95,,,,Received 0.27516247 GRT from Coinbase Card
2021-12-01T13:28:32Z,Receive,GRT,1.50790936,USD,0.94,,,,Received 1.50790936 GRT from Coinbase Card
2021-12-01T16:34:30Z,Receive,GRT,2.0192338,USD,0.95,,,,Received 2.0192338 GRT from Coinbase Card
2021-12-02T11:26:37Z,Receive,GRT,1.57538878,USD,0.89,,,,Received 1.57538878 GRT from Coinbase Card
2021-12-02T20:12:03Z,Receive,GRT,0.22222222,USD,0.9,,,,Received 0.22222222 GRT from Coinbase Card
2021-12-02T21:30:59Z,Receive,GRT,0.22138588,USD,0.9,,,,Received 0.22138588 GRT from Coinbase Card
2021-12-03T07:58:33Z,Convert,GRT,44.95922033,USD,0.9,38.05,40.27,2.22,Converted 44.95922033 GRT to 38.04831 USDC
2021-12-03T16:50:58Z,Receive,GRT,0.68941665,USD,0.87,,,,Received 0.68941665 GRT from Coinbase Card
2021-12-03T18:05:21Z,Receive,GRT,1.09682948,USD,0.88,,,,Received 1.09682948 GRT from Coinbase Card
2021-12-04T14:37:55Z,Receive,GRT,2.12184581,USD,0.72,,,,Received 2.12184581 GRT from Coinbase Card
2021-12-04T18:44:28Z,Receive,GRT,0.36029056,USD,0.72,,,,Received 0.36029056 GRT from Coinbase Card
2021-12-05T16:18:05Z,Receive,GRT,0.95483871,USD,0.68,,,,Received 0.95483871 GRT from Coinbase Card
2021-12-05T16:52:12Z,Receive,GRT,0.0582996,USD,0.68,,,,Received 0.0582996 GRT from Coinbase Card
2021-12-05T22:03:18Z,Receive,GRT,2.8822879,USD,0.68,,,,Received 2.8822879 GRT from Coinbase Card
2021-12-06T16:26:31Z,Receive,GRT,0.64955979,USD,0.66,,,,Received 0.64955979 GRT from Coinbase Card
2021-12-06T17:40:51Z,Receive,GRT,3.19976121,USD,0.67,,,,Received 3.19976121 GRT from Coinbase Card
2021-12-07T15:05:00Z,Receive,GRT,1.21320649,USD,0.71,,,,Received 1.21320649 GRT from Coinbase Card
2021-12-07T15:19:35Z,Receive,GRT,2.76437717,USD,0.71,,,,Received 2.76437717 GRT from Coinbase Card
2021-12-07T17:14:26Z,Receive,GRT,0.61630219,USD,0.7,,,,Received 0.61630219 GRT from Coinbase Card
2021-12-08T13:22:33Z,Receive,GRT,0.05457771,USD,0.73,,,,Received 0.05457771 GRT from Coinbase Card
2021-12-08T13:33:38Z,Receive,GRT,10.08860331,USD,0.74,,,,Received 10.08860331 GRT from Coinbase Card
2021-12-08T16:39:28Z,Receive,GRT,0.35170178,USD,0.74,,,,Received 0.35170178 GRT from Coinbase Card
2021-12-08T16:57:34Z,Receive,GRT,1.6183412,USD,0.74,,,,Received 1.6183412 GRT from Coinbase Card
2021-12-08T17:01:15Z,Receive,GRT,0.53832178,USD,0.74,,,,Received 0.53832178 GRT from Coinbase Card
2021-12-08T17:05:44Z,Receive,GRT,0.53882939,USD,0.74,,,,Received 0.53882939 GRT from Coinbase Card
2021-12-09T00:27:15Z,Convert,GRT,29.79739073,USD,0.75,20.85,22.44,1.59,Converted 29.79739073 GRT to 20.853596 USDC
2021-12-09T13:19:55Z,Receive,GRT,0.65716818,USD,0.73,,,,Received 0.65716818 GRT from Coinbase Card
2021-12-09T13:20:47Z,Receive,GRT,1.43449782,USD,0.73,,,,Received 1.43449782 GRT from Coinbase Card
2021-12-09T15:01:28Z,Receive,GRT,9.03700547,USD,0.7,,,,Received 9.03700547 GRT from Coinbase Card
2021-12-09T15:27:32Z,Receive,GRT,0.11384439,USD,0.7,,,,Received 0.11384439 GRT from Coinbase Card
2021-12-09T15:28:57Z,Receive,GRT,13.10630992,USD,0.7,,,,Received 13.10630992 GRT from Coinbase Card
2021-12-09T16:22:37Z,Receive,GRT,1.37854237,USD,0.7,,,,Received 1.37854237 GRT from Coinbase Card
2021-12-09T17:37:08Z,Receive,GRT,0.57102029,USD,0.7,,,,Received 0.57102029 GRT from Coinbase Card
2021-12-10T17:37:02Z,Receive,GRT,0.59419188,USD,0.66,,,,Received 0.59419188 GRT from Coinbase Card
2021-12-11T11:24:36Z,Receive,GRT,1.75944183,USD,0.66,,,,Received 1.75944183 GRT from Coinbase Card
2021-12-11T14:16:15Z,Receive,GRT,2.06037679,USD,0.66,,,,Received 2.06037679 GRT from Coinbase Card
2021-12-11T19:19:36Z,Receive,GRT,0.12016001,USD,0.66,,,,Received 0.12016001 GRT from Coinbase Card
2021-12-12T15:57:54Z,Receive,GRT,9.25650448,USD,0.68,,,,Received 9.25650448 GRT from Coinbase Card
2021-12-13T17:06:11Z,Receive,GRT,0.45703093,USD,0.61,,,,Received 0.45703093 GRT from Coinbase Card
2021-12-13T17:29:58Z,Receive,GRT,1.11170951,USD,0.61,,,,Received 1.11170951 GRT from Coinbase Card
2021-12-14T15:51:29Z,Receive,GRT,0.13200663,USD,0.6,,,,Received 0.13200663 GRT from Coinbase Card
2021-12-14T15:52:07Z,Receive,GRT,3.90049751,USD,0.6,,,,Received 3.90049751 GRT from Coinbase Card
2021-12-15T15:04:05Z,Receive,GRT,2.28533065,USD,0.6,,,,Received 2.28533065 GRT from Coinbase Card
2021-12-15T16:15:27Z,Receive,GRT,0.33939806,USD,0.59,,,,Received 0.33939806 GRT from Coinbase Card
2021-12-15T16:44:05Z,Receive,GRT,0.57206171,USD,0.59,,,,Received 0.57206171 GRT from Coinbase Card
2021-12-16T01:08:53Z,Convert,GRT,48.88709843,USD,0.64,29.22,31.35,2.13,Converted 48.88709843 GRT to 29.215049 USDC
2021-12-16T11:27:03Z,Receive,GRT,1.22760421,USD,0.65,,,,Received 1.22760421 GRT from Coinbase Card
2021-12-16T15:07:02Z,Receive,GRT,0.52882492,USD,0.66,,,,Received 0.52882492 GRT from Coinbase Card
2021-12-16T15:41:26Z,Receive,GRT,1.40138931,USD,0.66,,,,Received 1.40138931 GRT from Coinbase Card
2021-12-18T15:52:26Z,Receive,GRT,0.13077049,USD,0.61,,,,Received 0.13077049 GRT from Coinbase Card
2021-12-18T15:52:57Z,Receive,GRT,3.57090012,USD,0.61,,,,Received 3.57090012 GRT from Coinbase Card
2021-12-19T17:09:49Z,Receive,GRT,0.80246343,USD,0.65,,,,Received 0.80246343 GRT from Coinbase Card
2021-12-19T17:36:08Z,Receive,GRT,1.28589109,USD,0.65,,,,Received 1.28589109 GRT from Coinbase Card
2021-12-20T16:26:40Z,Receive,GRT,0.24741586,USD,0.6,,,,Received 0.24741586 GRT from Coinbase Card
2021-12-20T16:27:25Z,Receive,GRT,0.26490066,USD,0.6,,,,Received 0.26490066 GRT from Coinbase Card
2021-12-20T17:18:44Z,Receive,GRT,4.7097563,USD,0.61,,,,Received 4.7097563 GRT from Coinbase Card
2021-12-20T17:37:43Z,Receive,GRT,1.28626677,USD,0.61,,,,Received 1.28626677 GRT from Coinbase Card
2021-12-20T17:41:29Z,Receive,GRT,0.49934211,USD,0.61,,,,Received 0.49934211 GRT from Coinbase Card
2021-12-21T15:05:49Z,Receive,GRT,2.2175275,USD,0.69,,,,Received 2.2175275 GRT from Coinbase Card
2021-12-21T17:12:17Z,Receive,GRT,2.63772367,USD,0.68,,,,Received 2.63772367 GRT from Coinbase Card
2021-12-21T18:03:05Z,Receive,GRT,0.18852875,USD,0.69,,,,Received 0.18852875 GRT from Coinbase Card
2021-12-22T16:14:27Z,Receive,GRT,0.60035966,USD,0.72,,,,Received 0.60035966 GRT from Coinbase Card
2021-12-22T17:48:36Z,Receive,GRT,0.28190852,USD,0.71,,,,Received 0.28190852 GRT from Coinbase Card
2021-03-20T02:52:33Z,Convert,MATIC,1312.59595406,USD,0.41,525.54,538.16,12.62,"Converted 1,312.59595406 MATIC to 6.29232411 FIL"
2021-08-06T15:41:08Z,Buy,MATIC,919.37163395,USD,1.07,985.32,1000,14.68,"Bought 919.37163395 MATIC for $1,000.00 USD"
2021-08-06T21:32:57Z,Convert,MATIC,919.37163395,USD,1.07,967.96,987.59,19.63,Converted 919.37163395 MATIC to 689.996711 ADA
2021-06-22T01:04:51Z,Buy,ADA,819.815963,USD,1.2,985.32,1000,14.68,"Bought 819.815963 ADA for $1,000.00 USD"
2021-06-23T16:05:08Z,Buy,ADA,800.733347,USD,1.23,985.32,1000,14.68,"Bought 800.733347 ADA for $1,000.00 USD"
2021-06-23T18:44:24Z,Send,ADA,950.004048,USD,1.24,,,,Sent 950.004048 ADA to addr1q82ngp4ww6h3k7fath5ghjs2dhxvggcsda4mpgj3wf7jug952u7lyj5cvz8enmn4zmad43u5rtzs8x860dtlgvela0mqehex9l
2021-06-25T16:59:24Z,Send,ADA,670.545262,USD,1.26,,,,Sent 670.545262 ADA to addr1q9qd8u235v4wr7eqrz83qqssxt2a6lpduyzlk3jyryq3zx452u7lyj5cvz8enmn4zmad43u5rtzs8x860dtlgvela0mq6t764f
2021-07-26T05:17:03Z,Convert,ADA,813.219739,USD,1.36,1089.87,1105.98,16.11,Converted 813.219739 ADA to 0.46799999 ETH
2021-08-15T06:58:29Z,Send,ADA,689.996711,USD,2.13,,,,Sent 689.996711 ADA to addr1q977n6u880kxeqsrdnuuwckcpanfuxelpmrw6kkm67anp9452u7lyj5cvz8enmn4zmad43u5rtzs8x860dtlgvela0mquc884q
2021-08-20T15:51:49Z,Buy,ADA,384.327061,USD,2.56,985.32,1000,14.68,"Bought 384.327061 ADA for $1,000.00 USD"
2021-08-26T06:09:12Z,Send,ADA,384.327061,USD,2.64,,,,Sent 384.327061 ADA to addr1q9j8ftq2re4y8qh20ayhsmwt6003yhr5ewns8qeswkac3t952u7lyj5cvz8enmn4zmad43u5rtzs8x860dtlgvela0mqu5zn2v
2021-09-03T16:43:50Z,Buy,ADA,326.787137,USD,3.05,995.1,1000,4.9,"Bought 326.787137 ADA for $1,000.00 USD"
2021-09-06T18:46:56Z,Convert,ADA,175.530981,USD,2.85,491.41,500,8.59,Converted 175.530981 ADA to 3.11971547 SOL
2021-09-06T18:47:41Z,Convert,ADA,151.256156,USD,2.85,422.35,431.13,8.78,Converted 151.256156 ADA to 0.10721392 ETH
2021-09-08T07:36:34Z,Receive,ADA,1500,USD,2.32,,,,"Received 1,500.0000 ADA from an external account"
2021-09-08T17:28:27Z,Sell,ADA,1500,USD,2.38,3562.82,3545.36,17.46,"Sold 1,500.0000 ADA for $3,545.36 USD"
2021-08-11T04:43:27Z,Convert,ICP,15.3562477,USD,72.13,1084.91,1107.65,22.74,Converted 15.3562477 ICP to 0.34312753 ETH
2021-08-06T15:42:06Z,Buy,USDT,980.0259,USD,1.01,985.32,1000,14.68,"Bought 980.0259 USDT for $1,000.00 USD"
2021-08-07T21:00:09Z,Convert,USDT,980.0259,USD,1,959.82,980.66,20.84,Converted 980.0259 USDT to 15.3562477 ICP
2021-10-17T00:24:47Z,Receive,USDT,80.812024,USD,1,,,,Received 80.812024 USDT from an external account
2021-10-17T00:36:30Z,Convert,USDT,80.812024,USD,1,77.42,80.82,3.4,Converted 80.812024 USDT to 77.419974 USDC
2021-09-07T15:49:52Z,Convert,SOL,9.138680161,USD,168.88,1507.86,1543.36,35.5,Converted 9.13868016 SOL to 0.4367998 ETH
2021-11-13T22:48:54Z,CardSpend,UST,12.23880597,USD,1.01,,,,619040d5f993010db3e9bc4e
2021-11-14T05:50:04Z,Convert,UST,988.12758803,USD,1.01,976.53,995.54,19.01,Converted 988.12758803 UST to 976.526971 USDC
2021-12-11T07:46:10Z,Convert,UST,96.31835808,USD,1,92.85,96.37,3.52,Converted 96.31835808 UST to 92.849162 USDC
2021-12-04T09:37:30Z,Send,AVAX,0.50998819,USD,94.07,,,,Sent 0.50998819 AVAX to 0x7D24FbF18cfb958Ca6962f1381F43fE9dfC5d74e
2021-12-05T07:33:01Z,Receive,AVAX,1.05704837,USD,91.9,,,,Received 1.05704837 AVAX from an external account
2021-12-05T07:34:19Z,Convert,AVAX,1.05704837,USD,91.9,93.83,97.14,3.31,Converted 1.05704837 AVAX to 93.827216 USDC
2021-12-07T08:38:24Z,Receive,AVAX,1.2,USD,95.92,,,,Received 1.2000 AVAX from an external account
2021-12-07T08:39:08Z,Convert,AVAX,1.2,USD,95.98,111.37,115.17,3.8,Converted 1.2000 AVAX to 111.374179 USDC
2021-12-08T08:13:24Z,Receive,AVAX,1.1,USD,91.15,,,,Received 1.1000 AVAX from an external account
2021-12-08T08:14:46Z,Convert,AVAX,1.1,USD,91.11,96.72,100.22,3.5,Converted 1.1000 AVAX to 96.721443 USDC
